ARHGAP8	1
DNMBP	1
PAFAH2	1
ZP4	1
ZBTB9	1
PKMYT1	1
BRD7	1
IFNGR1	1
POP7	1
COPE	1
ZFYVE20	1
CXorf40A	1
DHX40	1
BUD13	1
PSD3	1
CRTC2	1
DHCR7	1
TRABD	1
ZFP64	1
ALS2CL	1
ACP2	1
UNC13D	1
TBRG4	1
SIK3	1
TMEM48	1
PCDHA1	1
SCYL1	1
NRBP1	1
RAE1	1
HEXIM1	1
CBX1	1
PRRT2	1
COL10A1	1
CLN3	1
B4GALT5	1
F7	1
CENPF	1
SEPT12	1
UGDH	1
IGSF8	1
ASCC1	1
DPM2	1
SF3B14	1
SEC24B	1
FAM177A1	1
KCND1	1
C10orf82	1
SLC4A8	1
CIDEB	1
RAB39B	1
ARHGDIA	1
PRAF2	1
PCM1	1
ROBO2	1
HS3ST3A1	1
HS1BP3	1
S100P	1
IL2RB	1
AKAP8L	1
EBAG9	1
PRKCH	1
PPIL2	1
TOR1B	1
RALBP1	1
RRN3	1
MRPL9	1
CCNO	1
AGFG2	1
PDAP1	1
UBE2I	1
TFB2M	1
SPINT1	1
TRMT2B	1
KIF22	1
MDK	1
C9orf100	1
HNRNPF	1
HNRNPA2B1	1
POLR1A	1
PRPSAP1	1
EDEM2	1
SNX4	1
NFATC3	1
HIST2H2AC	1
BAK1	1
PANX2	1
CKMT1A	1
SMARCB1	1
ILF2	1
EFNA2	1
PVR	1
KIF11	1
GTF2IRD1	1
USP14	1
STK35	1
CCDC11	1
FCGR1A	1
MEIG1	1
HTR1E	1
PNP	1
CDK2	1
PITPNM2	1
PHF5A	1
CRB3	1
GTF2E1	1
GATAD2A	1
GOSR2	1
SLC25A22	1
NFIX	1
ZMYND19	1
TLX2	1
UQCRQ	1
CYBA	1
LSM14A	1
EXOSC9	1
RIPK3	1
POLR2B	1
NSMCE2	1
LSM4	1
RABEP2	1
C14orf1	1
GALK2	1
PAAF1	1
RNF139	1
ERLEC1	1
RFXANK	1
DOHH	1
SAP18	1
MKRN2	1
CIB3	1
NUB1	1
HSPA4	1
C11orf49	1
FOXD4L6	1
CKS2	1
NAB1	1
HIST1H1D	1
ENC1	1
UBE2W	1
RGS4	1
PPP5C	1
ABP1	1
CLIC3	1
CUEDC1	1
PFN1	1
RAD51C	1
SRA1	1
ATIC	1
POLR3K	1
PARP2	1
NR2F6	1
BBS5	1
RPP40	1
ZNF434	1
RANBP10	1
STMN1	1
RDM1	1
TRIM58	1
HBXIP	1
HIF1A	1
MBTPS1	1
CBR1	1
ATP6V1H	1
ACBD3	1
AP1G1	1
ACTL8	1
HSPA5	1
MRM1	1
CCDC58	1
PSRC1	1
LRG1	1
ZSCAN18	1
HIST1H3G	1
GSK3B	1
C11orf63	1
MUS81	1
STAT5B	1
ARHGAP11A	1
GNG4	1
CABYR	1
PRB3	1
MRPS17	1
LSM1	1
NEK2	1
MMP14	1
C19orf10	1
POLD2	1
ATP6V1G1	1
COL5A1	1
EPHX2	1
FN3K	1
ORAI3	1
HSD17B4	1
CHSY3	1
EPN2	1
SPAG5	1
CNOT6	1
CIAO1	1
NAGA	1
PIGC	1
IFT27	1
GAK	1
CAPZA1	1
NUMB	1
RAD51D	1
BMPR1A	1
STX1A	1
TMEM79	1
DOCK1	1
CLSPN	1
PLAUR	1
DACH1	1
CHMP1A	1
PARP11	1
TIMELESS	1
POR	1
C4orf46	1
MRPL42	1
C14orf43	1
IWS1	1
CASKIN1	1
LCAT	1
ZNFX1	1
COPG	1
VPS33B	1
TCF19	1
BGLAP	1
BUB1B	1
GLMN	1
PRR22	1
HIST3H2A	1
KIAA0391	1
DPCD	1
FBXO22	1
TRIM15	1
ARF6	1
SH3RF1	1
FBXO5	1
ZMYND8	1
GNPDA1	1
BRCA2	1
CASC3	1
ATP2C2	1
PITPNM1	1
ARPC1A	1
TRIM34	1
AUH	1
NECAP1	1
LTBR	1
SPG20	1
RFC3	1
FARSA	1
UTP14C	1
MSH2	1
CDC123	1
ATAD3B	1
NEK1	1
DNMT3B	1
TCEA1	1
PSMC4	1
PSMC5	1
TFAP4	1
MXI1	1
NPTXR	1
ZNF175	1
RAB18	1
CCDC90B	1
TIMM17B	1
SUV420H2	1
RTKN	1
ZG16B	1
SPP1	1
RGS19	1
SIPA1L2	1
COG6	1
ZNF426	1
PRSS23	1
MMP13	1
C9orf116	1
HIST1H2BH	1
HDAC4	1
VPS52	1
TRIM65	1
CORO7	1
ESPL1	1
IL28B	1
NFYA	1
B4GALT3	1
ZBED4	1
POMP	1
PPP1R14B	1
MCFD2	1
FXC1	1
ASNA1	1
SNX7	1
RASGRP1	1
C9orf46	1
RRM1	1
PEX26	1
MTMR4	1
SNX24	1
ATPIF1	1
CHCHD7	1
CCND1	1
ANKMY2	1
USH1G	1
HSPA8	1
DNAJC7	1
KRTCAP2	1
ABCB8	1
AATF	1
USP1	1
POLB	1
PANK2	1
DHX37	1
ZNF238	1
MED8	1
DCUN1D5	1
IARS	1
FOXK2	1
HFE	1
CHORDC1	1
ATF5	1
POLR2H	1
RBL1	1
B3GNT4	1
HDAC8	1
NDOR1	1
RAC3	1
VSTM2L	1
BLZF1	1
CENPI	1
WNT3	1
CACHD1	1
MBD4	1
FAM82A1	1
DOT1L	1
TMEM104	1
FAM21C	1
SSTR2	1
MLST8	1
SSRP1	1
C6orf211	1
RGPD4	1
NCOA3	1
CASC5	1
TNFRSF18	1
GSPT1	1
LY6E	1
DHX34	1
ST3GAL4	1
DACT1	1
GRIN3B	1
APOA1	1
N4BP1	1
MED1	1
PAXIP1	1
YWHAB	1
HK1	1
TUBA1B	1
CACNA1B	1
HIST1H2AL	1
RNF5	1
RUNX2	1
PYCR1	1
H2AFZ	1
DCP1A	1
PDCD7	1
SRRT	1
NIF3L1	1
C1orf190	1
SMARCA4	1
MAGEA3	1
XPNPEP1	1
ZNF675	1
PTMS	1
PSMA7	1
TCF7L1	1
MKRN3	1
TNFRSF4	1
ADPRHL2	1
VRK2	1
CACNA1I	1
PRICKLE1	1
HIST1H2BD	1
GPAA1	1
SCN4B	1
CELSR3	1
UBL4A	1
SEC61B	1
GORAB	1
ZUFSP	1
DCK	1
MYO3B	1
SLC37A1	1
IER3IP1	1
FXYD6	1
FOXP3	1
DYRK4	1
SPDEF	1
VPS16	1
SYT7	1
SYMPK	1
COMTD1	1
NSUN5	1
RUFY4	1
PARP10	1
USP48	1
YME1L1	1
MID1	1
FBXO43	1
WRNIP1	1
GTPBP4	1
UEVLD	1
MAOB	1
FAM100A	1
SEPT3	1
NKAP	1
HSP90AB1	1
CHMP7	1
UBE2V1	1
PLEKHO1	1
SSBP2	1
PRDX2	1
NDUFB9	1
CHMP2A	1
ZNF124	1
CEP68	1
SPCS2	1
DPP3	1
SPERT	1
TRAIP	1
MAGOHB	1
MRPL27	1
WDR44	1
HIST1H3H	1
AURKB	1
SORD	1
THUMPD3	1
RPP25	1
PLEKHA2	1
RAB5B	1
CPNE1	1
UTP14A	1
MTX2	1
FAM174A	1
SDSL	1
TRMT6	1
JAM2	1
AMIGO3	1
KREMEN1	1
RNF113A	1
IFT140	1
ZBTB38	1
VPS25	1
FAM96A	1
COL1A2	1
CTPS2	1
APOA1BP	1
LEF1	1
RPRD1B	1
TRMT112	1
IL27	1
PPIL1	1
RP9P	1
WDR76	1
VPS28	1
PSPH	1
ZNF471	1
TTPAL	1
SNPH	1
JAKMIP1	1
NAP1L5	1
VCL	1
RNF103	1
NME1	1
JAM3	1
RDH16	1
CCDC106	1
GPR161	1
PRKD1	1
LASP1	1
SLC9A3R1	1
CDK7	1
RYK	1
HPS3	1
PJA2	1
CLDN7	1
RIC8A	1
ATXN7L3	1
VAMP2	1
SRPK1	1
CDK5	1
SLC7A5	1
TFDP1	1
IKBKB	1
PROZ	1
PCDHA12	1
RB1	1
NACC1	1
CBS	1
MINA	1
ABAT	1
MRPS33	1
PCDHGC3	1
NR2F2	1
C16orf59	1
RBM8A	1
INHBA	1
ZIC2	1
TYK2	1
APBA2	1
CLK2	1
KDSR	1
RNF4	1
FIBP	1
PTPRN2	1
DOCK3	1
PDPK1	1
RNF40	1
MANSC1	1
SLC1A1	1
SIAH2	1
LRP10	1
NCAPD3	1
CHAF1A	1
PPP1R11	1
ZNF200	1
CNP	1
KIF14	1
DZIP1	1
PRPF4	1
ACVR1B	1
PRDM4	1
NUCKS1	1
PATZ1	1
FAM113A	1
NUBP1	1
TRIM46	1
PVRL2	1
QPCTL	1
LIG1	1
TNNI3	1
KIF3C	1
ASNS	1
PTMA	1
TOR1AIP2	1
VPS36	1
CCL11	1
AMOTL1	1
NDUFB4	1
C1orf106	1
PSMD10	1
HOMEZ	1
CDK4	1
ATP2A3	1
ZNF502	1
RHOH	1
GMEB2	1
HIST2H2BF	1
FXYD3	1
RABAC1	1
PRPF18	1
FTSJD2	1
TERF2	1
EXOSC5	1
MTHFR	1
ZMYND11	1
DCLRE1B	1
PRPF3	1
HEATR2	1
WBSCR22	1
IFITM1	1
ICOS	1
MARCH9	1
SCRN1	1
ENTPD6	1
COL24A1	1
GLRX3	1
OGFR	1
MAP7	1
PXN	1
HIST1H2BJ	1
CDC45	1
ILDR2	1
ISYNA1	1
ANAPC11	1
MYLIP	1
PVRL4	1
TM9SF4	1
ZFPL1	1
SEC16B	1
FAM105B	1
RGL2	1
RPN1	1
KCNK15	1
TMEFF1	1
PGAM1	1
SNX27	1
SETDB1	1
EIF3B	1
ZFYVE9	1
HN1L	1
AP2S1	1
HP1BP3	1
TUBB8	1
TTC35	1
MRPL55	1
STXBP2	1
MXRA5	1
WIZ	1
GLTSCR1	1
SNAP23	1
SSU72	1
FANCD2	1
C20orf24	1
PPIB	1
NCDN	1
CNPY3	1
SUMO1	1
UNG	1
NOP56	1
ANKRD54	1
FBXW7	1
FAHD1	1
ARF5	1
CTTNBP2	1
HIST1H2AJ	1
NCOA6	1
RPS6KB2	1
CRYBA2	1
KCTD5	1
CLEC11A	1
HIRIP3	1
DNM1L	1
DNAJC5	1
ZFYVE26	1
DNMT3A	1
PPM1F	1
CKMT1B	1
HAUS7	1
EXOSC3	1
BOLA1	1
ENY2	1
SNAPC3	1
BBC3	1
OSTC	1
MAPK1	1
PRCC	1
BCAS1	1
BABAM1	1
EPPK1	1
PMAIP1	1
GET4	1
IL12B	1
FTSJ1	1
MEN1	1
ZNF765	1
NMNAT3	1
PQLC2	1
LFNG	1
ROR2	1
LTA	1
KIAA0040	1
SNX1	1
RNF114	1
CELSR1	1
EVPL	1
CBX2	1
PA2G4	1
RNF7	1
GSTP1	1
HLA-DQA1	1
HOXA3	1
SIGIRR	1
ADAP1	1
UBE2R2	1
LRFN1	1
RPL7L1	1
MRPL51	1
RDH11	1
MRPS35	1
KIR2DL4	1
FOXM1	1
IKBKAP	1
TMEM33	1
UBE2A	1
ANKRD5	1
GARS	1
TEX264	1
ARPC5	1
BCAR3	1
MRPS21	1
LMTK3	1
RPN2	1
PSMB8	1
NOMO2	1
PDE6D	1
ZC3H15	1
TXNDC9	1
MICAL2	1
ATRIP	1
UBE2T	1
DNALI1	1
PDIA4	1
PIGH	1
ATXN1L	1
CMAS	1
RAD54L	1
INTS8	1
RNF185	1
EIF3H	1
DUS4L	1
CCDC28A	1
GART	1
XRCC6	1
WISP1	1
NME6	1
CST4	1
CSTF2T	1
SNUPN	1
MTG1	1
ERP44	1
ATMIN	1
MBTPS2	1
FIZ1	1
RSPRY1	1
PTTG1IP	1
P2RX4	1
GTF3C5	1
FAM72A	1
NPRL3	1
SDHC	1
BPNT1	1
CAB39L	1
DUSP15	1
FBXW11	1
RNF26	1
GCH1	1
INTS2	1
ERMAP	1
SLC27A1	1
PMPCA	1
RRBP1	1
CDK12	1
CERCAM	1
SSSCA1	1
GSDMD	1
C3orf26	1
FAM120A	1
LOC541471	1
C18orf8	1
C4orf34	1
MAPK15	1
ITM2A	1
FUT3	1
PHB	1
TERF1	1
PNKD	1
MAGED1	1
MFSD3	1
COPS7A	1
RAB11FIP2	1
CNKSR3	1
CDC25C	1
MINPP1	1
SRC	1
ZNF608	1
ZNF281	1
TNIP3	1
ELL3	1
ORAI2	1
SLC2A4RG	1
C8orf48	1
ARPC4	1
EPHB2	1
DDOST	1
HIST1H4H	1
BCL2	1
TRAFD1	1
ARHGEF12	1
IRAK1	1
VCAN	1
TCP1	1
TNFSF13B	1
GOLGA3	1
S100A8	1
ING3	1
TCTEX1D2	1
SH3BGRL	1
LRP11	1
SNRPB2	1
C17orf62	1
GNG5	1
TLX1	1
SLC35A2	1
RAB4B	1
EAF1	1
PTK6	1
GFRA1	1
ZNF444	1
MORC2	1
KISS1	1
SUV39H1	1
STUB1	1
WDR83	1
SCARF2	1
SNRPD1	1
CCNB3	1
FOXD3	1
ECT2	1
DBF4B	1
XRCC2	1
CEP250	1
BOLA2	1
EFNA3	1
SYVN1	1
RER1	1
NRM	1
TDRD7	1
HSPD1	1
KIF24	1
PKN1	1
TPBG	1
SYNRG	1
PDXDC1	1
ZNF598	1
MAP4K2	1
GORASP1	1
CNN3	1
PPP4C	1
DYDC1	1
BTBD10	1
MORN2	1
NELL2	1
CTTN	1
GANAB	1
RPUSD3	1
SIRT6	1
GNAI3	1
BNIP1	1
LARP4	1
MRPL49	1
DAK	1
SSR4	1
SMARCE1	1
MUC5B	1
MRPL28	1
HPCAL1	1
THTPA	1
FBXL6	1
SEC13	1
SLC6A9	1
KRAS	1
PARP12	1
DOC2A	1
TRO	1
SCAPER	1
ZNF251	1
TUB	1
RAB11FIP1	1
NFE2L2	1
OCRL	1
AUP1	1
HINT1	1
HHIPL2	1
VWA5B2	1
SCAND1	1
UNC119	1
HIST1H2BI	1
FANCG	1
SPC25	1
CDCA3	1
MARCH8	1
GUCY1B2	1
SLC12A6	1
MAST1	1
SPSB2	1
AGGF1	1
COPS7B	1
VRK1	1
MMP25	1
PCGF2	1
FAM57A	1
SIGMAR1	1
TUBB	1
GADD45GIP1	1
PLEKHF2	1
DCTPP1	1
GPR37L1	1
SNRPD2	1
FCGR3A	1
IL2RG	1
C11orf84	1
LYPLA1	1
UNC5A	1
ALG3	1
CCDC113	1
AXIN1	1
CPSF1	1
NAT9	1
UCHL3	1
BCL7C	1
ERP27	1
GEMIN6	1
TAPBP	1
CCDC93	1
MARK4	1
FANCF	1
SIRPA	1
TAF7	1
BOP1	1
ZSCAN16	1
SIPA1L3	1
APPL2	1
ZNF687	1
PIK3C3	1
PYDC1	1
NAT10	1
SLC4A2	1
DCTN5	1
APH1B	1
RECQL5	1
CUX1	1
BCL9	1
HIST1H2BC	1
SLC25A17	1
BCDIN3D	1
ANKRD52	1
TUBB3	1
USP32	1
HMGA2	1
TRDMT1	1
SLC25A13	1
BID	1
CHST11	1
PIK3R4	1
ISOC2	1
TNFSF4	1
VANGL2	1
UROS	1
HES4	1
HJURP	1
LEPRE1	1
HMGA1	1
HCN3	1
MRPS23	1
LAPTM4B	1
MCPH1	1
CCDC108	1
RMND1	1
NOD2	1
CDK18	1
LRFN4	1
BBS2	1
MMP11	1
ETV7	1
GUCA1A	1
AURKA	1
RGPD3	1
COPS6	1
ERAL1	1
CMBL	1
INTS9	1
HIST1H2BN	1
ATXN2L	1
CDCP1	1
PRKAB1	1
C4orf42	1
SFT2D2	1
SAMD4B	1
OGFOD2	1
PLCB3	1
HIST1H2BK	1
KIF18A	1
ZNF205	1
GLYR1	1
PDRG1	1
NUDT3	1
ATP2C1	1
AP4M1	1
KNTC1	1
ZDHHC6	1
RABEPK	1
TMCO7	1
IRGQ	1
NIPSNAP1	1
ZNF18	1
UCP2	1
SERPINA3	1
DLL3	1
SMAD4	1
ARL1	1
HIST1H2AB	1
SLCO3A1	1
IFT20	1
OTUB1	1
SQLE	1
C7orf31	1
ZNF239	1
PTRH1	1
CDK2AP2	1
PPOX	1
ABCD3	1
HIST1H2BM	1
CCDC99	1
SRP72	1
SELT	1
SPATA2	1
DGKE	1
DNAJA1	1
MTHFD2	1
SCLT1	1
AHSA1	1
FTSJ3	1
ZNF174	1
RAB31	1
SH3BP5L	1
SKIV2L	1
XPOT	1
SEPHS2	1
TCTA	1
ATP1A3	1
DAP	1
METTL11A	1
ZMAT4	1
DENR	1
RIT1	1
NAA15	1
PLRG1	1
PNPO	1
BAZ1A	1
PTPRU	1
SDCCAG3	1
RAB8A	1
CST7	1
C18orf32	1
MAFG	1
NSF	1
TBC1D7	1
XRCC1	1
DCAF12	1
DUS2L	1
CEACAM6	1
GLG1	1
IL18	1
ELF4	1
KPTN	1
HSPA9	1
FBXL12	1
SLC30A7	1
WDR54	1
DNASE1	1
PDIA6	1
RBM42	1
ERCC5	1
SRPK2	1
SF3A3	1
AGTRAP	1
PRAME	1
AP1M2	1
MAPKAPK2	1
KIF20B	1
BRIX1	1
SRXN1	1
EIF4B	1
DHRS7	1
ZFYVE19	1
SULT2B1	1
KMO	1
GPR56	1
TMED2	1
TIMM10	1
NHP2L1	1
ZNF646	1
SRCIN1	1
TSHZ3	1
MTMR9	1
MPND	1
TMEM9	1
TRPS1	1
MDP1	1
CCNDBP1	1
ATXN10	1
PMVK	1
SSBP1	1
EZR	1
FAM110B	1
PSEN1	1
ARTN	1
SDHAF2	1
ARL8B	1
PLK1S1	1
GABRD	1
MRPS7	1
GINS1	1
ALG1	1
CRABP2	1
MRPS16	1
STAMBP	1
BLM	1
GMIP	1
CDKN1B	1
PRTFDC1	1
DEPDC7	1
CTNNA1	1
PPFIA3	1
GALNT2	1
UBR7	1
PYCRL	1
ATP6AP1	1
RHBDL2	1
FADD	1
CDC20	1
UBE2N	1
TBC1D1	1
COX6C	1
UBXN2B	1
LMO4	1
CCDC153	1
KLHDC2	1
NAT1	1
TLE6	1
RFC2	1
DKKL1	1
NR2C1	1
LAGE3	1
FANCC	1
MR1	1
PGBD1	1
SPG21	1
POLD1	1
GGA3	1
MARCKSL1	1
NCLN	1
MTMR2	1
EHMT2	1
GNA13	1
STAT1	1
ADAM19	1
GALK1	1
XBP1	1
KIAA0556	1
AKAP5	1
PRKDC	1
SLC22A23	1
PARN	1
RPIA	1
C1orf35	1
PLOD3	1
TIMM44	1
SNRNP25	1
BUB3	1
TFF1	1
PATL1	1
SMPD2	1
DLX5	1
FAM63A	1
TMPO	1
TNR	1
SCO2	1
CASP1	1
DDX27	1
COMMD5	1
PAQR5	1
HLTF	1
KIAA0415	1
CHMP4B	1
PPFIBP1	1
PIGU	1
CDCA4	1
KATNA1	1
PGK1	1
TMEM190	1
MCF2L	1
C6orf165	1
CENPK	1
OBFC2B	1
DKC1	1
HPSE	1
SMG6	1
ARHGEF18	1
KDELR2	1
GRK6	1
SRBD1	1
TXNRD1	1
RSPH1	1
MAPK8IP2	1
THRA	1
SCAF1	1
PAX6	1
TLX3	1
C2orf47	1
SLC39A1	1
STRBP	1
TIMM8A	1
ADAM12	1
KISS1R	1
ZNF410	1
ALDH18A1	1
STAT6	1
RANBP9	1
CCDC24	1
TMEM54	1
WDR26	1
GPR158	1
DNAJA4	1
COG7	1
GBP2	1
UCK2	1
FUS	1
GEMIN7	1
HMG20B	1
LAP3	1
NUP155	1
PHF10	1
ZZEF1	1
PRNP	1
CLNS1A	1
CCT3	1
FAM135A	1
NUP205	1
DIS3	1
DRD4	1
COPS5	1
NUDCD1	1
NOC4L	1
ERH	1
ST14	1
CYHR1	1
ARL11	1
ATF6B	1
DDX24	1
MLEC	1
ICA1	1
RAB11A	1
ZNF579	1
PDZD11	1
FAF2	1
ZNF16	1
FGD6	1
EGFR	1
SELS	1
AIFM3	1
NFKBIE	1
STRADA	1
H1F0	1
ATG2B	1
EFNA5	1
SAP130	1
MCM3AP	1
DAXX	1
LRP8	1
MRFAP1	1
MRPL47	1
OASL	1
BRCA1	1
PSME2	1
HSPB1	1
COPZ1	1
NBPF22P	1
FOXP1	1
PYGO2	1
OSBPL1A	1
SBK1	1
TXNL1	1
TRAF6	1
SEC24D	1
C19orf66	1
C5orf55	1
SLBP	1
POMGNT1	1
CXorf27	1
PCDH1	1
C20orf11	1
STAP2	1
CCDC137	1
P4HA1	1
DEGS1	1
UBE2O	1
AKAP14	1
GLUD2	1
ZMYND10	1
PLAU	1
CKAP5	1
PDGFD	1
SLC1A4	1
ABCF1	1
ROPN1L	1
PTPMT1	1
MRPL3	1
COG1	1
TRIM28	1
PPP1R8	1
LCA5L	1
APLP2	1
NSFL1C	1
SIX4	1
HNRNPK	1
RECQL4	1
GLE1	1
RAB1B	1
NCBP1	1
VKORC1	1
NDE1	1
IL29	1
FAAH	1
ADNP	1
TWF1	1
MRPL21	1
SP2	1
CEP57	1
RAB9A	1
NFE2L3	1
HMGB3	1
LRRC15	1
CALU	1
SPAG1	1
TRAF2	1
SUPT7L	1
RAB3GAP1	1
USP22	1
C20orf112	1
SAAL1	1
KDM4A	1
MCAT	1
TRIM24	1
MRPL17	1
RTKN2	1
CCAR1	1
NME1-NME2	1
TAF6	1
LSM3	1
HLA-F	1
UBL5	1
SEH1L	1
EMG1	1
DNAL4	1
NUSAP1	1
EIF2AK4	1
PIGS	1
APEX2	1
TSFM	1
RABL5	1
C16orf79	1
CENPO	1
ODC1	1
NKX2-2	1
CFL1	1
OPHN1	1
APBA3	1
STAU1	1
EML2	1
TMCO1	1
RARS	1
FBXO46	1
SMS	1
PRSS8	1
RINT1	1
BHLHA15	1
SEPX1	1
APOBEC3C	1
MPDU1	1
MYO1D	1
FOXJ2	1
RAB11FIP4	1
USP21	1
E2F3	1
C7orf25	1
TADA2A	1
SRGAP1	1
RMND5B	1
APLF	1
TRAPPC3	1
SAP30L	1
CASP2	1
LRRC8E	1
CDT1	1
EXOSC1	1
ACTB	1
DSCR8	1
P4HA3	1
METTL13	1
BYSL	1
TMEM57	1
COMMD3	1
FBXO42	1
SRD5A2	1
ZW10	1
ZNF692	1
BACE2	1
IBSP	1
PYY	1
DNPEP	1
SAP30	1
WWP2	1
RBP2	1
SKI	1
BCAS3	1
MORF4L2	1
EPHB6	1
SHCBP1	1
LARP4B	1
KIAA1524	1
ATP13A1	1
BEND3	1
CASP4	1
FGFR3	1
HIST1H2AM	1
TAGLN2	1
RIOK1	1
CKAP4	1
SEC24C	1
TARS2	1
ASB1	1
TLE3	1
EIF6	1
POLR3B	1
SYT17	1
RABIF	1
STK3	1
GMPR2	1
SNRPG	1
BICD2	1
DAZAP1	1
GRAMD1A	1
SMAGP	1
ACAP3	1
TMEM8A	1
INTS10	1
TAP1	1
ALG11	1
CHAF1B	1
EIF2B4	1
NKX3-2	1
ZNF778	1
PPIA	1
ARHGAP1	1
HNRNPAB	1
NGDN	1
ZBTB4	1
PPP1CA	1
EEF2K	1
PI4KB	1
KCTD13	1
LY6H	1
SPTLC3	1
HDGF	1
DYNLL1	1
MTSS1	1
FBXL18	1
DHX58	1
H3F3A	1
BMP4	1
PCSK6	1
SGCE	1
LRRC1	1
COL11A1	1
EPB41L5	1
VARS2	1
GFER	1
TRIM14	1
CLCN7	1
LRCH4	1
TOX4	1
PLA2G12A	1
MAGEH1	1
PAFAH1B3	1
PPWD1	1
CST5	1
PASK	1
MRP63	1
ANKRD13B	1
LRRCC1	1
KIAA1143	1
RCN2	1
MTRR	1
SLC16A3	1
MED25	1
CHMP5	1
HIST4H4	1
CCDC22	1
SMC1A	1
NDUFS6	1
RBBP7	1
NBN	1
ACBD6	1
DHX9	1
ORM1	1
DNAJB11	1
PTK2	1
POLR3C	1
LAT2	1
NFIB	1
MATN3	1
HEXIM2	1
TUFT1	1
ING2	1
CDCA8	1
FBXO4	1
GPD2	1
ZNF385A	1
IFI6	1
PIP4K2C	1
SLC34A3	1
MED30	1
MRPS34	1
TP53INP1	1
GINS4	1
APLP1	1
SEC61A1	1
FAM102A	1
MGAT5B	1
RPE	1
TJP3	1
NOD1	1
FAM111B	1
KCNJ10	1
VCPIP1	1
CCHCR1	1
KIAA1429	1
OSM	1
CYB561D2	1
LARGE	1
AMDHD2	1
VPS11	1
MAGI1	1
TMSB10	1
CISH	1
RPA3	1
EVC2	1
HIST1H3F	1
PPP2R5D	1
ALDH16A1	1
CDK5R1	1
TTC23	1
IFNAR2	1
MELK	1
CHST15	1
ATP6V1C2	1
ZMAT5	1
CLPTM1L	1
NAE1	1
RPF2	1
TG	1
ACVR1	1
COASY	1
RND3	1
CA9	1
SOX11	1
YIF1A	1
GRB10	1
TRIP4	1
CDS1	1
SUPT6H	1
ELK1	1
USP3	1
C1RL	1
WDR82	1
NCOA1	1
CERK	1
PSMD5	1
PFDN2	1
CYFIP2	1
PACS1	1
WFIKKN1	1
PLXNA3	1
KIF4A	1
FAM103A1	1
NAT8B	1
FANCB	1
WDR20	1
TM9SF2	1
MPPE1	1
AKT3	1
CTDSP2	1
HOXC4	1
RALGPS2	1
SET	1
HNRNPH2	1
ACP1	1
C11orf48	1
HIST1H2AC	1
ADD1	1
GIGYF2	1
CDC40	1
POLR2J	1
TTYH3	1
THAP8	1
CSRNP2	1
G3BP1	1
FBXO7	1
DBF4	1
RRS1	1
VEGFA	1
PSAT1	1
THBS2	1
CHRNA5	1
CDKN2D	1
PSMB3	1
MAD2L2	1
GNG13	1
CDKN3	1
FKBPL	1
P4HB	1
ZNF259	1
TARBP2	1
ZADH2	1
KLHL12	1
ANKRD22	1
TBL3	1
NDUFA2	1
MOAP1	1
ZNF7	1
DPH2	1
N4BP3	1
GOLGA5	1
TIMP1	1
RNF219	1
BSDC1	1
PRDX1	1
ERMN	1
FBXO41	1
AARS	1
TREM1	1
SCAMP3	1
UNC13A	1
CHM	1
TIMM17A	1
ERI3	1
HIST1H2BO	1
CBX8	1
LHFPL5	1
HSD17B10	1
APBB1	1
CD59	1
KHSRP	1
RAP1GDS1	1
C12orf32	1
C12orf23	1
MAL2	1
ARF3	1
GNB1L	1
FAM168B	1
PPP1R3D	1
USP8	1
APTX	1
IFI35	1
TFCP2	1
DDO	1
JOSD1	1
HIST1H4D	1
ZDHHC24	1
BLMH	1
ITPR3	1
TMEM183A	1
VPS45	1
CIRH1A	1
MAP6	1
NFKB2	1
FOXP4	1
MARCH10	1
HSPA13	1
PITPNB	1
KIAA0907	1
INTS3	1
CASP3	1
AMACR	1
CYB5D1	1
FAP	1
CSNK1D	1
HIST1H3B	1
EFNA4	1
ERLIN1	1
CA12	1
SRP54	1
SPIRE1	1
SLC6A1	1
PAFAH1B2	1
E2F8	1
MEAF6	1
GNL3L	1
BCL2L1	1
ZSWIM7	1
IMP4	1
SYNGR2	1
VPS37D	1
CDK2AP1	1
OIP5	1
LRWD1	1
HAUS1	1
ENOX2	1
ARID3A	1
NFX1	1
CHRAC1	1
C17orf28	1
AK2	1
LIMD2	1
ANXA9	1
PSEN2	1
PLK1	1
CDR2L	1
TMOD2	1
DHX8	1
UMPS	1
GGCT	1
PPP1R9B	1
UBXN2A	1
FAM98B	1
DNMT1	1
PELP1	1
UBE2L6	1
MTA2	1
CASP8	1
MBIP	1
SEC23B	1
PLAC2	1
BUD31	1
TNFRSF9	1
LPPR3	1
CCDC135	1
RPS6KA2	1
MEMO1	1
CASP7	1
TAF12	1
GAPVD1	1
SCUBE3	1
CNGA2	1
ADAR	1
PSMG1	1
EIF2S2	1
SMC4	1
SRP68	1
SLC12A9	1
PSMD13	1
YES1	1
LCLAT1	1
H6PD	1
TOMM22	1
TERT	1
CCNB2	1
KRT8	1
RAD51AP1	1
RNF2	1
PRR19	1
SPA17	1
SNRNP40	1
WHSC1	1
MED24	1
PRKCSH	1
PLA2G4F	1
ARF4	1
HOXB2	1
BLNK	1
TBL1XR1	1
SF3B3	1
PRKD3	1
MRFAP1L1	1
FAM171A1	1
BACE1	1
TMEM231	1
USF1	1
CAMTA2	1
POLA1	1
IFNG	1
BATF	1
IKBKE	1
CUTA	1
FN1	1
OSBPL9	1
IL21R	1
CREB3L3	1
MOV10	1
NUCB2	1
MAP3K10	1
FGFR1	1
XRCC3	1
DALRD3	1
NDEL1	1
MEIS3	1
PDK3	1
ACTR3	1
DPEP1	1
FDPS	1
AKT1	1
MTA1	1
GEMIN8P4	1
DYX1C1	1
METTL2A	1
AURKAIP1	1
TIGD5	1
ARHGEF11	1
OSBP	1
CLPP	1
MICB	1
FIP1L1	1
SREBF1	1
SCML2	1
ESM1	1
SNX22	1
NMT1	1
ERGIC1	1
RCC2	1
EBNA1BP2	1
GDE1	1
HIST1H4E	1
ULBP2	1
ZHX2	1
FBXO38	1
EXOC6	1
SYT13	1
SYTL3	1
RARRES3	1
SEPHS1	1
GTF3C1	1
EME1	1
CNO	1
GNAQ	1
MPHOSPH10	1
FAM192A	1
MYO6	1
FLOT2	1
MRPS27	1
CSTF2	1
MAPK13	1
FAM83A	1
CD24	1
TUBGCP3	1
TMEM147	1
GBF1	1
TOP2A	1
CCDC47	1
MAGEA1	1
TAF11	1
MST4	1
UBE2L3	1
MYCBPAP	1
MAPT	1
TMPRSS4	1
BIK	1
FOXH1	1
B3GAT3	1
LIMD1	1
TSPAN15	1
HSBP1	1
TCF12	1
CHST3	1
SPRY2	1
HOPX	1
USP40	1
ARRDC1	1
USP4	1
ANKLE2	1
CIB1	1
DNAJC12	1
DNAJC10	1
GATA2	1
SKA1	1
PRC1	1
CDYL	1
ST13	1
THOP1	1
CCL17	1
POLR2F	1
PPFIA1	1
SKP2	1
PAX9	1
STAM	1
AEBP1	1
REEP4	1
NLRP2	1
REPS2	1
CHEK1	1
HNRNPUL1	1
STRAP	1
MRPS10	1
DGKZ	1
UNC5B	1
SARDH	1
IL11RA	1
SRP19	1
CTR9	1
GDI1	1
FAM50A	1
S100A9	1
PARG	1
LEO1	1
UBE2K	1
DCAF10	1
NPNT	1
HARS2	1
APRT	1
ANAPC7	1
SLC35C2	1
ATAD3A	1
FKBP4	1
MYD88	1
FBXL3	1
MTA3	1
OTUD5	1
URB2	1
CEP55	1
CDC7	1
TTBK1	1
PSIP1	1
ZP3	1
PRLH	1
METTL1	1
PNLIPRP2	1
POLR2I	1
EID2	1
LYPLA2	1
C4orf26	1
BANF1	1
TUBA1C	1
EIF2C4	1
MATN2	1
TMEM214	1
TMEM43	1
MAP3K3	1
TRIM68	1
BCAT2	1
GLRX2	1
POU2F1	1
USP5	1
TK1	1
PSMC2	1
CBLC	1
MRPS26	1
SERPINI1	1
PBK	1
SSH3	1
SKAP1	1
HPCA	1
TCF3	1
GNB2	1
C15orf38	1
MCM10	1
THPO	1
ATP6V1A	1
SEC31A	1
FLAD1	1
ABT1	1
NRAS	1
KIAA0319	1
LRRC61	1
EIF4A3	1
TROAP	1
DNAJA3	1
SHB	1
OSTalpha	1
PDGFC	1
NME4	1
AP3M2	1
BMI1	1
NADSYN1	1
NOP58	1
MYBL2	1
PSMB9	1
KRT3	1
MMP17	1
MOGS	1
ACYP1	1
RNF20	1
MCTS1	1
NKIRAS2	1
HOXC11	1
CETN2	1
KDM4B	1
PPP1R16A	1
HYLS1	1
CGN	1
C6orf62	1
RNF214	1
ATPAF2	1
TRIM5	1
PRUNE	1
UBE2V2	1
RAVER1	1
ELAVL1	1
TSPYL5	1
PDCD10	1
THRB	1
BAIAP2	1
CLTA	1
NAT14	1
GSTA4	1
SPOP	1
SAV1	1
PFKL	1
B4GALT2	1
PDCD6	1
UXS1	1
RAB2A	1
TMEM131	1
HEATR6	1
ABR	1
NME3	1
CDK8	1
MYEF2	1
MIF4GD	1
NEK6	1
TAOK3	1
PHF20	1
NFATC2IP	1
MED4	1
C18orf54	1
GRIPAP1	1
PIGX	1
ARHGEF10	1
GSG2	1
TOP3A	1
SHC1	1
TRIM3	1
UBE2J2	1
E2F5	1
VPS13D	1
GPRASP2	1
TMEM86B	1
SSR2	1
NHP2	1
LTV1	1
TAB2	1
BAIAP2L1	1
GDPD2	1
CST1	1
WBP1	1
TRAF5	1
CDC16	1
KCNK5	1
PAFAH1B1	1
PARP1	1
TRIB2	1
RTCD1	1
UPK2	1
CLEC5A	1
SLC9A8	1
CRELD2	1
RCN3	1
E2F1	1
RFC1	1
HELLS	1
ENSA	1
COIL	1
FANCA	1
DDX41	1
TGFB3	1
CREB3L2	1
WIPF2	1
BCS1L	1
RNF38	1
UBE2E3	1
SCAMP5	1
PSMD11	1
NUDT9	1
PHF16	1
MFSD11	1
L3MBTL3	1
CCNA2	1
POLE	1
LPAR2	1
ZCCHC17	1
ARMC7	1
JTB	1
WDR90	1
TIAM1	1
CACNA1D	1
RRM2	1
GAL3ST4	1
PLAA	1
GALR2	1
MYCN	1
RQCD1	1
ATP6V0A1	1
DIAPH3	1
RNF170	1
INTS7	1
ZNHIT3	1
ST3GAL1	1
SOAT1	1
COPB2	1
TAF4	1
SP110	1
ASPSCR1	1
GJB2	1
EIF5A	1
PRPF31	1
POU6F1	1
TP53BP2	1
ATP6V0E2	1
ENO2	1
SHFM1	1
TBCD	1
GNG3	1
B3GNT9	1
ZNF32	1
MCCC2	1
AGPAT6	1
SEC63	1
ZNF707	1
RHBG	1
PPM1G	1
ZNRD1	1
ATP6V1F	1
COX17	1
ASAP3	1
ARHGAP33	1
FAM122B	1
GPRASP1	1
SNW1	1
UBE2Q1	1
CNIH4	1
DNAJC6	1
DPAGT1	1
PTPN6	1
NUDT16L1	1
ARFGAP3	1
SLC7A8	1
SSFA2	1
SSR1	1
EXOC1	1
EIF2AK1	1
TCEB2	1
BAI2	1
OAS2	1
GPSM2	1
ZGPAT	1
NPB	1
A1BG	1
MED12L	1
C9orf163	1
SDR16C5	1
RPP38	1
ZSCAN1	1
HIST1H2BE	1
INTS4	1
IRS1	1
ARID3B	1
ITPA	1
ZNF622	1
YWHAE	1
SLC9A6	1
LYPD3	1
HMBS	1
SLC3A2	1
FUT7	1
RAB40C	1
TRAPPC5	1
KIN	1
FAM195A	1
TSEN15	1
TMBIM6	1
TTK	1
PPP1R10	1
RAB33A	1
MND1	1
INO80E	1
CWC22	1
BUB1	1
TAF5L	1
PSMB1	1
DNAJC14	1
CTSF	1
CEP78	1
PRPS1	1
SND1	1
TXNDC11	1
FBXO15	1
ATP13A2	1
DSN1	1
FAM127C	1
FAM113B	1
KDM5C	1
TCF7L2	1
MYT1	1
TRIB3	1
CDC42EP3	1
HIST1H3C	1
VAMP8	1
KCTD9	1
GALNT14	1
PFDN6	1
HIST1H3D	1
EBP	1
CANX	1
MMP3	1
C7orf49	1
PLEKHA8	1
UBAP1	1
SEPT5	1
IPO11	1
KIFC1	1
MCM7	1
BRD4	1
LRRC23	1
TRIM59	1
PACSIN1	1
UBQLN4	1
RIBC2	1
COG8	1
DPM3	1
OSBP2	1
NOC2L	1
PTPN1	1
KPNA2	1
DPYD	1
PSMD14	1
ICT1	1
HCN2	1
TOR1A	1
HIST2H2AB	1
CTPS	1
HMGN2	1
TIPIN	1
CXCL9	1
UBAC2	1
RBBP9	1
FBF1	1
BMP8B	1
COL1A1	1
KCNH2	1
EXTL3	1
DPYSL2	1
ZNF706	1
NHLRC1	1
CCT6A	1
GALNT10	1
RUSC1	1
TXNDC17	1
RGS10	1
MANF	1
KCNK1	1
KRT10	1
BRF2	1
TCEAL3	1
BLOC1S3	1
RDBP	1
NUP93	1
SH2D4A	1
CSNK1G1	1
RBM34	1
PAK4	1
GRB2	1
HOXA7	1
EPN1	1
TRAPPC9	1
NEK9	1
CKS1B	1
TTLL12	1
MYBL1	1
ZMPSTE24	1
HIST1H4K	1
CCT5	1
NDUFA13	1
POP4	1
B4GALT7	1
ZBTB12	1
CCL5	1
NAA10	1
BMPR1B	1
CBX4	1
C1GALT1C1	1
EIF1AD	1
LHX2	1
CACNA2D2	1
ZIC1	1
ZNF521	1
ZDHHC16	1
RFC5	1
DDB1	1
LRRC45	1
SHISA5	1
STX3	1
MAPK9	1
RAB30	1
FRAT2	1
MFAP2	1
ZC3H13	1
UHRF1	1
RNASEL	1
MRTO4	1
CCNE2	1
ARFGAP1	1
RBBP4	1
LSM7	1
PTRH2	1
RHOC	1
C12orf49	1
CRCP	1
DOLK	1
MLF1IP	1
EIF2AK3	1
LCMT1	1
IQGAP3	1
FAM176B	1
ADCK5	1
FOXRED2	1
QSOX1	1
LSM2	1
CCDC134	1
NINJ1	1
UBQLN1	1
TXNDC2	1
KLHL35	1
SH3BGRL2	1
TOMM40	1
HDAC10	1
PLEKHN1	1
SERPINE2	1
ARSI	1
CENPP	1
CHD9	1
KIFAP3	1
WWTR1	1
HNRNPL	1
PSMG3	1
SPARCL1	1
SMYD3	1
MOCS3	1
DCAF7	1
CSK	1
POP1	1
TFPT	1
RRP12	1
HAUS5	1
MCM6	1
C1QBP	1
C12orf44	1
DHX16	1
FAM104A	1
UTP18	1
CANT1	1
HLA-DQB1	1
MTX1	1
PABPC1	1
MLF2	1
BOC	1
DUSP6	1
PARP14	1
YTHDF1	1
ISOC1	1
WWC2	1
HBP1	1
MLPH	1
SAE1	1
RGNEF	1
CHD1L	1
MTBP	1
GTF3C2	1
MTMR12	1
EPN3	1
CPE	1
ASCL4	1
CSTF3	1
RNF167	1
YY1AP1	1
PRKAR1A	1
DLGAP5	1
PIGM	1
CCDC40	1
CABLES2	1
SDF2	1
POLD3	1
RBL2	1
GDF11	1
POLA2	1
DLX4	1
CRIM1	1
STARD13	1
ATAD5	1
GJA3	1
DMP1	1
ARMCX3	1
CD46	1
ZNF746	1
ACTG1	1
ING1	1
NPC1	1
PCDHGB4	1
SUPT4H1	1
MEA1	1
U2AF1	1
LMNB1	1
HNRNPU	1
NAA20	1
ARMC10	1
MRPS31	1
PIK3R2	1
EIF4EBP1	1
CHPF	1
TBX6	1
XPO7	1
NOSTRIN	1
SUV39H2	1
RTN4R	1
MRPL15	1
GOLM1	1
KLC1	1
XPO6	1
MAGEA12	1
TAS1R3	1
LSM5	1
E2F2	1
HIST1H4A	1
GLIS2	1
M6PR	1
SFPQ	1
TPI1P2	1
PPP1R14D	1
EI24	1
GNB1	1
RAD54B	1
MFAP1	1
NTRK2	1
VPS33A	1
CXXC5	1
GATA4	1
RANGAP1	1
C6orf108	1
KLC2	1
WT1	1
BCCIP	1
HDAC2	1
CHAC1	1
KIF2C	1
STX18	1
TUBG2	1
SMUG1	1
SUMF2	1
SNRPC	1
TULP4	1
TCEB1	1
DDX23	1
FAM83D	1
OPRD1	1
POLE3	1
SH3BP1	1
TUSC2	1
REEP1	1
E2F7	1
RMI1	1
GMPPA	1
KIF1A	1
EXOSC6	1
PPP3CA	1
SF3B2	1
MKRN1	1
STIM1	1
DYNLL2	1
BNIPL	1
MRPL22	1
ILF3	1
SNAP29	1
COX7A2	1
TEKT5	1
DDX19B	1
CTBP1	1
SEPT9	1
USP18	1
CLDN3	1
ANKFY1	1
GRIN2D	1
H2AFY2	1
HRAS	1
MTUS1	1
CCDC114	1
EFNA1	1
CAPZB	1
KITLG	1
C15orf23	1
SYT1	1
TSEN2	1
KLF1	1
SRP9	1
HSH2D	1
USP7	1
CDK16	1
FAM171A2	1
FAM127B	1
ELP3	1
APC2	1
POLE2	1
CXCR3	1
MGC21881	1
PDCD5	1
CTNND2	1
A2M	1
C7orf43	1
CACNA1E	1
RABGAP1L	1
PRKAA1	1
MRPL11	1
PRIM2	1
OBFC1	1
MNS1	1
MRPL14	1
RAN	1
PARP3	1
SF3B4	1
C9orf7	1
ANXA3	1
WDR61	1
NONO	1
KIAA1199	1
MST1R	1
TIMM50	1
UAP1L1	1
EIF2C1	1
CBX7	1
NARS	1
TTC13	1
DNASE1L2	1
TJAP1	1
C16orf70	1
FAM125A	1
ENO1	1
CFB	1
CCL20	1
SLC38A7	1
SHARPIN	1
PYCARD	1
CEP70	1
TMEM66	1
CASP6	1
NMI	1
ADAM9	1
PHF21A	1
KRT19	1
BLVRA	1
TMED9	1
OVGP1	1
NFIA	1
CDC25B	1
PODXL2	1
LMAN1	1
INHA	1
STT3B	1
RBBP5	1
PSMA3	1
THEM4	1
HIST2H2BE	1
FBXL19	1
ITPKA	1
GPATCH4	1
BMF	1
SLC20A1	1
CACNA1H	1
LARP1B	1
STK36	1
CAPN5	1
PPIH	1
ATRN	1
SMG5	1
CLIP3	1
HYAL3	1
INO80	1
PIGO	1
MCM5	1
RBM28	1
PHTF1	1
PRPS2	1
FARSB	1
CCDC74A	1
PIP5K1A	1
ZFP2	1
RAB13	1
IQCG	1
NTNG2	1
PRR13	1
SNRPB	1
HAPLN1	1
NDUFC2	1
DNAH3	1
FBXO25	1
HPRT1	1
DCBLD1	1
TTF2	1
TRIM35	1
C12orf52	1
DPF1	1
TMX4	1
NFATC4	1
CLEC7A	1
ZBTB8OS	1
CENPM	1
EDN2	1
ANP32B	1
TRAPPC4	1
CPSF2	1
PIN4	1
IRF1	1
TXNL4A	1
COX6B1	1
GLB1	1
LRRFIP1	1
PTS	1
FOXA1	1
COMP	1
VRK3	1
XPA	1
HIST1H3I	1
UBAP2	1
DTL	1
LAG3	1
PDCD2	1
WDR11	1
MFSD5	1
SASH1	1
HLA-B	1
KIAA1191	1
ITGA9	1
F2R	1
MPG	1
PPP2R1A	1
NOXO1	1
IL19	1
PSMB5	1
ARL16	1
IL9R	1
VCP	1
IQCE	1
CNOT3	1
CHCHD2	1
ZNF428	1
ARFGEF1	1
VAV2	1
HHLA3	1
MCC	1
RNF180	1
PLK4	1
GPR125	1
CREB3L4	1
AKAP10	1
TRPM4	1
ALKBH3	1
DLG3	1
GLOD4	1
KCTD17	1
MTF1	1
PIK3R3	1
ANKRD13D	1
CPSF3	1
RPS6KC1	1
RIMBP3C	1
CDH11	1
PNPT1	1
UBA1	1
PCNA	1
NR3C2	1
RNF213	1
XRCC4	1
MAGOH	1
TLK2	1
SHQ1	1
RELL2	1
NUP62	1
CTF1	1
RAMP1	1
CGA	1
UCN	1
IDO1	1
C16orf53	1
TMED3	1
HDHD2	1
CAMP	1
EMX1	1
C16orf45	1
NME7	1
FAM173A	1
MRPL36	1
SCAMP4	1
ZFP28	1
MGAT4B	1
CCDC82	1
SIM2	1
DEF6	1
TSNAX	1
PUS7	1
PRLR	1
CCT7	1
LIMK1	1
LRP12	1
EFHC2	1
STMN3	1
PRR14	1
ACAD8	1
GORASP2	1
TRAF3IP1	1
PALB2	1
TCOF1	1
SMARCA5	1
NRBP2	1
STYXL1	1
PCDHB14	1
ECM1	1
RARA	1
EGLN2	1
MED29	1
CDR2	1
BAIAP3	1
TGM3	1
RNF149	1
BFSP1	1
SPOPL	1
VPS53	1
LOC284440	1
C9orf89	1
NIPA1	1
HCFC1	1
BFSP2	1
FGF5	1
PCGF1	1
HSD17B7	1
HSP90B1	1
BTG3	1
SEPT10	1
FANCI	1
EID2B	1
TIMM13	1
MTAP	1
MECP2	1
CHRD	1
TPRG1L	1
C11orf83	1
OAS1	1
MAP2K5	1
ABCG1	1
MSI1	1
NPRL2	1
CAP1	1
PPP2R5E	1
PIGG	1
JPH3	1
EFR3A	1
RNPEP	1
PTCH1	1
ADSS	1
REG4	1
VANGL1	1
PTPN21	1
STRA13	1
INPP1	1
CSE1L	1
EFTUD2	1
TMEM14A	1
CBX6	1
CXCL11	1
CHD7	1
ZC4H2	1
HSPBP1	1
TRIM41	1
MICALL2	1
C21orf56	1
ADRM1	1
MIPEP	1
TARBP1	1
GTF2IRD2	1
ZWINT	1
SLC23A1	1
EED	1
ACOT8	1
FAT1	1
KCTD15	1
PSMC3IP	1
CCR8	1
RAD1	1
PIGQ	1
CSGALNACT1	1
MGAT4A	1
SERF2	1
CBFA2T3	1
SGOL1	1
SPC24	1
NUDT5	1
ELMOD2	1
PPP2R2A	1
NCAM2	1
ZBED1	1
NEU4	1
NCBP2	1
BAX	1
HIST1H1T	1
FSIP1	1
RAB4A	1
GNL2	1
FBXL2	1
RRP1B	1
GALNT11	1
PLEKHB2	1
PCDHA11	1
PSMD9	1
THOC3	1
FLOT1	1
TPRN	1
DLEU1	1
NUP50	1
COX4NB	1
PAICS	1
SETD8	1
BECN1	1
SLC39A7	1
TARS	1
YIPF1	1
RFFL	1
INCENP	1
CALML5	1
PIH1D1	1
POLR2G	1
CENPH	1
ATP6V0C	1
RIPK2	1
NPHS1	1
RSRC1	1
CHEK2	1
FAM86A	1
KDM1A	1
TTC39B	1
PDGFRA	1
MRPL23	1
STRN4	1
GNB4	1
WBP11	1
ARHGEF16	1
LSR	1
CETN3	1
TREX1	1
C20orf4	1
NOLC1	1
NT5DC2	1
NFKBIB	1
DOLPP1	1
ZNF34	1
PLA2G10	1
EMD	1
PSMA4	1
STK32C	1
POLR2C	1
MED19	1
RALY	1
CADPS	1
TFR2	1
PTGES3	1
AGK	1
MKI67	1
ANP32A	1
GSTK1	1
H2AFY	1
MED13L	1
EPHA4	1
PNO1	1
CNTNAP3	1
UPF3B	1
WDR48	1
SNRPF	1
PSMD2	1
IL11	1
USP6NL	1
NRSN2	1
PSMB2	1
PARP4	1
ARF1	1
KIAA0226	1
HMGN1	1
TSPAN17	1
SNRPE	1
PFKP	1
ARMC1	1
NGEF	1
UPRT	1
ADPGK	1
DHX29	1
SLC24A1	1
TBC1D9	1
ZNF695	1
PDIA3	1
CENPN	1
SMYD2	1
GRIN2C	1
HIST1H1C	1
NCL	1
NPW	1
DMRT1	1
GZMB	1
PRDM2	1
PPP2R2C	1
NEU1	1
LAD1	1
AIFM1	1
STARD3	1
HSPA14	1
NEDD8	1
WDR5	1
UBAP2L	1
SEMA3F	1
TBCA	1
C1orf21	1
C16orf58	1
PHF20L1	1
UPF3A	1
OTX1	1
EIF2B5	1
HIST2H3D	1
MXD3	1
KLHL17	1
MET	1
PSMA6	1
UFD1L	1
B3GNT1	1
PPME1	1
PSMA1	1
RASSF7	1
RBX1	1
C7orf50	1
ADORA2A	1
FAM32A	1
NGFRAP1	1
IARS2	1
LYAR	1
IFIT1	1
C10orf35	1
ZWILCH	1
NFKB1	1
CDC42SE1	1
USP10	1
FAM54A	1
MLLT1	1
TMEM171	1
BNIP2	1
GAA	1
IGF2BP1	1
SKAP2	1
TUBG1	1
HEATR1	1
FZD6	1
RFWD3	1
SRGAP2	1
LINGO1	1
RIBC1	1
SSBP3	1
NCAPG2	1
FASTKD3	1
OLR1	1
TP53TG1	1
PEX12	1
RAB3A	1
TSEN54	1
DDRGK1	1
NKD2	1
MT3	1
ASPRV1	1
RAB3D	1
ZRANB1	1
BRSK2	1
HTT	1
ENOPH1	1
FAM151B	1
PSMD4	1
SWAP70	1
HOXC10	1
FBXO28	1
MCM8	1
EPO	1
ELOF1	1
PWWP2B	1
TMEM106C	1
TRIM26	1
CSMD2	1
UBE2Z	1
RAD21	1
RUVBL2	1
PMCH	1
CACYBP	1
FAM158A	1
HTR1D	1
SEC23IP	1
NACAD	1
TSHZ1	1
WDR24	1
CBLN2	1
CAPN1	1
KIDINS220	1
SNRPD3	1
TSSC1	1
HDGFRP3	1
TSG101	1
EIF2C2	1
HSPE1	1
ELP2	1
IGBP1	1
ARMCX2	1
CAMK2N2	1
OPRL1	1
NAA38	1
BCKDK	1
ARFIP2	1
ARHGEF17	1
GTF2H4	1
THOC5	1
CISD2	1
GPR77	1
ATP5C1	1
MED27	1
RNF32	1
UBE2M	1
DENND2D	1
DDX49	1
STOML2	1
MRPL48	1
VAC14	1
NUP88	1
SNRPA	1
MAPKAPK5	1
CDCA5	1
MICAL3	1
NMU	1
PLOD1	1
ARNT2	1
WDR12	1
PSMB7	1
TRIM37	1
CRIP1	1
PPAT	1
GSPT2	1
ODF2	1
CALCOCO1	1
EIF5B	1
RABGGTB	1
ANKS1A	1
PSMA5	1
H1FX	1
ADAM15	1
HN1	1
ARMC6	1
FLYWCH2	1
AZIN1	1
GZMA	1
C1orf65	1
CRIP2	1
POLR2D	1
PLCG2	1
GABPB1	1
OAZ3	1
UTP6	1
CSNK2B	1
SPNS1	1
C2orf62	1
SLC25A10	1
SCNM1	1
C20orf20	1
TBL2	1
NDC80	1
DOK7	1
PTDSS1	1
PADI3	1
TBC1D22B	1
ARL8A	1
TRIP13	1
SAP30BP	1
PARS2	1
OCIAD1	1
HSF2BP	1
AP2B1	1
MRPL12	1
STK24	1
SEC61A2	1
TUFM	1
GALC	1
NDNL2	1
DOK3	1
RANBP1	1
HSPH1	1
ESRP1	1
KIF26B	1
TNFAIP8L1	1
ACTR5	1
GABRA3	1
RAG1	1
PAH	1
RHEB	1
P4HTM	1
LRRC14	1
BRP44	1
NCSTN	1
SMARCA1	1
MED20	1
NELF	1
DLGAP3	1
C1orf9	1
ZNF768	1
RHPN1	1
ASB13	1
PTP4A2	1
MARK3	1
TAP2	1
KCTD3	1
PIAS3	1
GINS2	1
TPD52	1
SLC22A5	1
SOX4	1
GALNT6	1
CDC6	1
UNC5CL	1
VGF	1
EIF2B1	1
MT1G	1
PTOV1	1
PDE6B	1
DIABLO	1
KIAA1609	1
SUMO3	1
NCAPH	1
HMGN3	1
SEMA7A	1
SPAG16	1
SENP3	1
LRSAM1	1
PKP3	1
GSR	1
ZNF23	1
CTSD	1
ARCN1	1
HNRNPR	1
DDX50	1
RAPGEF2	1
AIM2	1
AMH	1
C1orf182	1
SUMO2	1
KRT2	1
NT5M	1
TBL1X	1
RNF6	1
EXOSC4	1
KLHDC9	1
EMP2	1
TRIM62	1
TACO1	1
DDX58	1
FSD1	1
GINS3	1
AIF1L	1
SDS	1
PI4KA	1
C15orf63	1
HMOX2	1
SLC4A1AP	1
PCSK4	1
SNF8	1
TERF2IP	1
NFS1	1
GK3P	1
RIN2	1
ZNF135	1
LGALS3BP	1
YLPM1	1
CNOT10	1
ERGIC3	1
PSMC6	1
IFIH1	1
QRICH1	1
C21orf58	1
CDKN2A	1
IGFALS	1
CD9	1
KRTAP5-9	1
ELMO2	1
CHD4	1
XRCC5	1
C16orf5	1
FAM109B	1
CHERP	1
BAZ1B	1
RASA1	1
ISG15	1
CCNE1	1
EZH2	1
PMF1	1
FDXR	1
NDUFS8	1
SPAG4	1
BAG1	1
EIF3I	1
STAT3	1
MRPS5	1
DPY30	1
RNF181	1
E4F1	1
ATP6V1E2	1
TYMP	1
SPRN	1
ANKRD6	1
HSPB11	1
B3GNTL1	1
PAK1	1
GCAT	1
PSMA2	1
TOP1	1
TGFBR3	1
NECAB3	1
ARRB1	1
RASL11B	1
C20orf195	1
F12	1
ACCN3	1
RAD51	1
RDH13	1
EPT1	1
RELB	1
MRPL38	1
GOLPH3L	1
CAPG	1
ATF6	1
C1orf51	1
TTC4	1
TBC1D5	1
COMMD4	1
GLO1	1
SQRDL	1
DDX47	1
CLIC1	1
TMEM199	1
ICA1L	1
ZFYVE21	1
POLD4	1
KIAA0101	1
PEX2	1
HIST1H2BB	1
ELOVL1	1
SLC2A1	1
ERO1L	1
PPARD	1
MTHFD1L	1
PARD6B	1
WDR18	1
GTSE1	1
COG2	1
ENAH	1
C2orf18	1
MRPL4	1
DTYMK	1
ZNF584	1
KRT18	1
MLLT3	1
PELI2	1
ABCF3	1
RAB26	1
MRPL18	1
FGD1	1
DSCC1	1
LMNB2	1
RCOR2	1
STIL	1
CPNE7	1
CTNNBL1	1
C4A	1
NSL1	1
ELAVL2	1
PCSK1N	1
BFAR	1
TMCO3	1
CCT2	1
FAM162A	1
DEDD	1
MAPRE1	1
BASP1	1
HAGHL	1
LOXL1	1
SFXN1	1
KIAA1598	1
CREB3	1
IGSF9	1
CORO1B	1
B4GALNT1	1
COMMD10	1
PRPF8	1
NOMO1	1
TGS1	1
CHTF8	1
OCLN	1
HIATL1	1
BRMS1	1
AHCY	1
COL5A2	1
FNBP1	1
SUGT1	1
MKL2	1
ATG5	1
PARP9	1
WHSC1L1	1
MTFR1	1
MRPS30	1
PORCN	1
NUP85	1
SLC23A2	1
LSM12	1
PDIA5	1
ATP7B	1
DYNLRB1	1
YWHAZ	1
ONECUT2	1
TBCC	1
NCAPD2	1
EFNB2	1
TOPBP1	1
FOXO4	1
POLQ	1
ACSL5	1
RBKS	1
BRI3BP	1
YWHAH	1
NOP2	1
GNPDA2	1
MSH6	1
BCL3	1
RFC4	1
MCM2	1
SLC19A1	1
WDR77	1
CYP51A1	1
SERPINC1	1
CHFR	1
DTX3L	1
RPRD2	1
HNRNPC	1
C16orf57	1
RNF208	1
COL6A3	1
VAV3	1
MED26	1
GALT	1
C1GALT1	1
CNTNAP2	1
ATAD2	1
PROS1	1
ROGDI	1
ADIPOR1	1
KDELR1	1
PIGT	1
GATAD2B	1
S100A11	1
DERL1	1
CPNE3	1
CWF19L2	1
KCTD6	1
ANLN	1
RAPGEFL1	1
ARID5B	1
PNKP	1
ZDHHC7	1
C2orf65	1
KIAA0100	1
GALNS	1
SLC30A8	1
ZNF282	1
INPPL1	1
SLC35B2	1
MYO1E	1
PLEKHM1	1
CINP	1
RAI14	1
LDOC1	1
SEMA6A	1
BSCL2	1
BAG5	1
GBP1	1
EIF2AK2	1
SIX2	1
UGCG	1
NAGK	1
PTPRJ	1
PRPF19	1
RNPS1	1
CCDC86	1
PRRC1	1
IRF9	1
EPS15L1	1
YIPF2	1
TADA1	1
FAM84B	1
PRDX4	1
PSMD3	1
LIN9	1
SUPT16H	1
ZMIZ1	1
GNGT1	1
CXorf26	1
AZI1	1
DNASE2	1
ZNF572	1
LDOC1L	1
SYT5	1
ADRBK1	1
SEC61G	1
NLN	1
HIRA	1
LRCH1	1
SMPD4	1
SHMT2	1
LIN37	1
ZFPM1	1
GUK1	1
DNAJC19	1
KPNA6	1
CWC15	1
NUP133	1
C1QTNF6	1
NUP210	1
GPC4	1
VWA1	1
ACOT7	1
RBMS1	1
NEK11	1
OTUD6B	1
PBX1	1
NUF2	1
FAM189B	1
HGS	1
KRT37	1
TMPRSS3	1
HSP90AA1	1
AP3B1	1
MAGED2	1
PSMD12	1
GOLPH3	1
TRIM38	1
FKBP10	1
MESDC2	1
MYO1B	1
C5orf22	1
CEACAM5	1
HM13	1
SIL1	1
FBXO18	1
LHX3	1
MCM3	1
ESR1	1
MIIP	1
FAM134A	1
NUTF2	1
PIAS4	1
UBE2S	1
FUT8	1
ATP6V1C1	1
BEND7	1
TPX2	1
IL6R	1
PHF17	1
SMARCA2	1
NME2	1
IRF7	1
NAPA	1
HES6	1
DNTTIP1	1
ZBP1	1
AKD1	1
PTPN23	1
TMEM160	1
PTPRA	1
CLPB	1
NEK3	1
QPRT	1
ZNF341	1
CCDC78	1
LRRK1	1
IRF2	1
HIST2H2AA3	1
CCDC25	1
EPRS	1
STARD10	1
C3orf62	1
SLC39A11	1
PWP2	1
DRAP1	1
BAHCC1	1
CYFIP1	1
CDC25A	1
APEH	1
TXN	1
INSM1	1
ARMCX1	1
A2LD1	1
TMEM203	1
MAD2L1	1
ACAT2	1
VPS37C	1
EPS8L1	1
FAM40A	1
NVL	1
TSEN34	1
FAM64A	1
GALE	1
TLE1	1
RCN1	1
TMEM41B	1
DNAJC2	1
AKR7A3	1
RET	1
TXNDC12	1
TRIM11	1
UBA7	1
ULK1	1
ST6GALNAC2	1
EPHA10	1
APOL2	1
SDCCAG8	1
ARHGDIB	1
ATF7IP2	1
S100A14	1
HMGN5	1
AAGAB	1
HIST1H2AK	1
RFX5	1
SLMO1	1
ASF1B	1
GIT2	1
HOXC9	1
KCNK9	1
SGK223	1
F2RL2	1
HIST1H3J	1
ANP32E	1
CLTC	1
FAM110A	1
MRPL32	1
NYNRIN	1
CST2	1
PSME3	1
HLA-C	1
LAS1L	1
SCMH1	1
CCDC151	1
SASS6	1
SMC2	1
DDX56	1
STX6	1
SNRPA1	1
APH1A	1
KIF23	1
RHEBL1	1
SLC27A4	1
SLC4A5	1
SCRIB	1
KCNJ3	1
NARF	1
YIPF3	1
C14orf129	1
GJA1	1
AGR3	1
SEC16A	1
PHF15	1
HMMR	1
MRPL24	1
CHML	1
OPLAH	1
CCDC87	1
GPS1	1
CENPL	1
SLC35A5	1
TINF2	1
C9orf86	1
MC1R	1
ATG3	1
WDR37	1
ACVR2A	1
TTC9C	1
KIF21A	1
C11orf75	1
SMG7	1
RHOD	1
KIF15	1
MAD2L1BP	1
PABPN1	1
TELO2	1
COL8A2	1
ACTL6A	1
SHKBP1	1
GPN1	1
TSPAN6	1
CIT	1
OLA1	1
KCNH1	1
CCT8	1
LIG3	1
CBWD3	1
GRM4	1
INPP5B	1
ME2	1
GOLGA1	1
NDUFS5	1
DLX3	1
HDAC11	1
THOC6	1
ASRGL1	1
FAM122A	1
TNRC6C	1
NHEJ1	1
ARPC3	1
RACGAP1	1
PSMF1	1
PRKX	1
SCLY	1
YKT6	1
H2AFX	1
CKAP2	1
PTTG1	1
TRIM6	1
ZC3H11A	1
MTMR3	1
PSMB10	1
TEAD2	1
CCNB1	1
CACNB3	1
GATA3	1
NUDT1	1
IL20	1
HLA-A	1
SERPINH1	1
KPNB1	1
TMUB2	1
PSKH1	1
EGLN3	1
DUSP12	1
UGGT1	1
PFN2	1
LMLN	1
SLC6A4	1
PNCK	1
FEN1	1
CHTF18	1
SCARB2	1
SMU1	1
C8orf33	1
AGR2	1
UFC1	1
PPM1E	1
STK19	1
BRD3	1
CPT1A	1
MTERFD1	1
TAF2	1
STIP1	1
PSMB4	1
WIBG	1
CWC25	1
RBM17	1
CD2BP2	1
MSL3	1
LRRC59	1
WDYHV1	1
PFKFB4	1
PLD1	1
C19orf40	1
MIF	1
HIST1H4I	1
CD44	1
ULK2	1
GATAD1	1
SMAD3	1
DYNC1LI1	1
GSK3A	1
GRM8	1
NDUFA7	1
CENPQ	1
AMFR	1
SF3A1	1
GSS	1
IMPDH1	1
SRPR	1
SKA2	1
ACAN	1
PTCHD2	1
RAB22A	1
RHOT2	1
AP1S3	1
SLC8A2	1
RAD9A	1
ACTR2	1
ZIC4	1
NTHL1	1
HIST3H2BB	1
HSF1	1
CCDC112	1
ARMC9	1
HPN	1
UCHL5	1
GTPBP3	1
DTX2	1
AP2M1	1
ZBTB7B	1
DNAJC1	1
GRHL3	1
C1orf124	1
SH3GL1	1
MORN3	1
DYNLT1	1
ULBP1	1
TFG	1
DVL3	1
SPR	1
LUZP1	1
SMC6	1
KIF3B	1
CCNK	1
C7orf11	1
ST6GAL2	1
TIPRL	1
KTI12	1
ZNF71	1
PRICKLE3	1
NF2	1
YY1	1
OTUB2	1
TOM1L2	1
F11R	1
PTBP1	1
VASP	1
ZER1	1
MPHOSPH8	1
XRN2	1
VPS72	1
DGKQ	1
SOD1	1
CSNK2A1	1
CDK1	1
NR1I3	1
PLAGL1	1
DAPK3	1
CARD14	1
DDX52	1
IL24	1
EXT2	1
TLCD1	1
YARS2	1
PEX11B	1
SSX2IP	1
DIXDC1	1
MAN2B1	1
RUFY1	1
MGRN1	1
RELT	1
TMEM161A	1
PRIM1	1
PRKCE	1
TRAF7	1
FARP2	1
C19orf46	1
ITGA11	1
TSTA3	1
SLC7A11	1
MAZ	1
IFI27	1
FAM134C	1
ATOX1	1
VARS	1
VPS39	1
FZD2	1
SMC1B	1
SECTM1	1
LONP1	1
FOXD1	1
EPHA8	1
PITX1	1
ZNF643	1
SIRT7	1
MED10	1
RASD2	1
NBR1	1
FUNDC1	1
TBC1D25	1
SRPRB	1
PROC	1
CCL7	1
FAM136A	1
SPINT2	1
S100A16	1
WWC3	1
LEPROT	1
NIT1	1
KIFC2	1
FBN2	1
PABPC3	1
NCAPH2	1
FBXW4	1
OTUD7B	1
HOXB9	1
RDH14	1
PHF14	1
PON2	1
HEATR3	1
TINAGL1	1
SETX	1
PCDH17	1
SGPL1	1
PPP2R4	1
PHAX	1
ZNF747	1
GMPS	1
AP3D1	1
MAGEF1	1
MAGI2	1
TP53RK	1
HIST2H4A	1
SLC25A5	1
RUVBL1	1
DYNC1I2	1
COPG2	1
LSM14B	1
CLGN	1
CASP14	1
MRPL13	1
C17orf70	1
BGN	1
SSPN	1
RCC1	1
NASP	1
VPS4B	1
TRIOBP	1
LLGL2	1
HDAC1	1
ATP1B2	1
ANKRD27	1
TAF10	1
SNAPC2	1
ARPC5L	1
ZNF385D	1
CORO2A	1
GK	1
MARS	1
GTPBP5	1
U2AF2	1
SCYL2	1
MARCH4	1
RHOJ	1
RBM4	1
SPATC1	1
CELF3	1
ZNF764	1
WDR4	1
SARNP	1
KIAA0090	1
FBP1	1
ZSWIM1	1
SYT9	1
CCDC88C	1
RPA1	1
SMARCC2	1
IFIT2	1
HIST1H1B	1
P4HA2	1
WDTC1	1
HYOU1	1
NR2C2AP	1
DNAJC9	1
MIPOL1	1
APBA1	1
HIST1H3E	1
HTATIP2	1
SUN1	1
EPCAM	1
KCNE4	1
EXO1	1
DAGLB	1
DPM1	1
LPHN2	1
MEIS2	1
RAB6A	1
TBRG1	1
ISG20	1
MRPS12	1
C14orf80	1
WNT7B	1
PPT1	1
FASTK	1
ZNRF2	1
CNDP2	1
IFNB1	1
BZW1	1
WBP5	1
RHBDF1	1
TYRP1	1
TAX1BP1	1
SETBP1	1
PPCDC	1
BRIP1	1
ZNF446	1
CBFB	1
ECE2	1
PSENEN	1
UBE2F	1
PAX2	1
PHKG2	1
RPL39L	1
NUAK2	1
USP39	1
KCNG3	1
YAP1	1
RFWD2	1
NDUFAB1	1
DHPS	1
COPB1	1
RNF34	1
LGALS9C	1
TDO2	1
APPBP2	1
CDH24	1
RRAGB	1
RBCK1	1
KLHL2	1
BARD1	1
ARL6IP1	1
LYSMD1	1
ZNF516	1
GMDS	1
RABGAP1	1
PAGE2	1
CD80	1
MRPL52	1
IER3	1
TMPRSS6	1
BAMBI	1
VOPP1	1
TDG	1
ARL14	1
MAP2K4	1
BBS7	1
TMEM132A	1
NAPRT1	1
MCM4	1
WDR34	1
CCNF	1
DDA1	1
NANS	1
VEZT	1
BBS4	1
TOM1L1	1
ZBTB7A	1
C18orf56	1
TACC3	1
PLCB4	1
GOSR1	1
RNLS	1
NCAPG	1
CLIC6	1
BIRC5	1
RGS14	1
MEF2A	1
CRNKL1	1
AMMECR1	1
FAM49B	1
MAP3K4	1
KIAA0141	1
APITD1	1
KCNG1	1
GOLGA2	1
PTPLAD1	1
CXCL10	1
GMPPB	1
NSMAF	1
RNF8	1
ISG20L2	1
HAX1	1
IPO9	1
AMMECR1L	1
ABCD4	1
LGALS8	1
CCDC127	1
SNAP47	1
SSNA1	1
ZNF217	1
CYB561	1
GNPTAB	1
WASF2	1
WWOX	1
MX1	1
PGK2	1
MYCBP	1
FAM120B	1
UTP23	1
COX6A1	1
SPEF1	1
MPHOSPH9	1
GPR37	1
COPA	1
TFRC	1
EVL	1
TRIM32	1
HOXC13	1
LETM1	1
PPCS	1
GPR172A	1
CIAPIN1	1
DYDC2	1
EHMT1	1
SHROOM2	1
MUC1	1
DARS2	1
PITPNA	1
NOMO3	1
GNAS	1
ANAPC4	1
POLR2K	1
RBM45	1
MMP9	1
PES1	1
FAM90A1	1
B9D1	1
GGPS1	1
PYCR2	1
BRCC3	1
PRIC285	1
ZMIZ2	1
STT3A	1
PPM1J	1
ZNF544	1
GPX7	1
HAUS8	1
MSI2	1
TXLNA	1
PPP1R7	1
UBE2C	1
KDM5B	1
CDK5RAP1	1
ERCC6L	1
RAB5C	1
CBX3	1
TMEM41A	1
LGALS9B	1
C9orf106	1
MAN2A1	1
AP1S1	1
CAPRIN1	1
BRD9	1
GPR143	1
GAL	1
GIPC1	1
RAB11FIP3	1
WASF1	1
MOCS2	1
ATP5E	1
HIST1H4J	1
CENPE	1
GNPNAT1	1
COMMD7	1
RERE	1
R3HDM1	1
XPO5	1
BATF2	1
PCTP	1
ASH2L	1
PDCD2L	1
C5orf25	1
KIF20A	1
TH1L	1
GRPEL2	1
MTDH	1
SDF2L1	1
HIST1H2BL	1
RCBTB2	1
BRSK1	1
PUF60	1
LRRC41	1
TRMT12	1
PHF7	1
ARHGAP26	1
PSME1	1
GPC2	1
ARHGEF19	1
FRMD8	1
TGOLN2	1
HIST1H2BF	1
FGFR1OP	1
TRERF1	1
TRAPPC6A	1
NOL11	1
PPP2CB	1
ATG16L1	1
SDC1	1
FDXACB1	1
DAP3	1
PPP2R2D	1
ADC	1
C3orf52	1
RIMS2	1
PKIB	1
TYMS	1
TBCE	1
TECPR2	1
JARID2	1
SEC22C	1
EIF4G1	1
IVL	1
P2RY6	1
TRPM2	1
AKT1S1	1
AGPAT4	1
MRPS14	1
CCDC89	1
SMCR7L	1
WDR92	1
CREB3L1	1
MRPL37	1
DNAJC3	1
PCDHA4	1
ASPM	1
HMGB2	1
TGFB1	1
CCL25	1
BCL2L12	1
RBPMS	1
KLK4	1
KDM1B	1
C8orf55	1
NPM3	1
FRY	1
CSTF1	1
ARPC1B	1
MIA3	1
MMP1	1
EIF5AL1	1
PGAM5	1
TOMM34	1
NUBP2	1
PARD6A	1
SEPT8	1
PPAN	1
ARHGAP32	1
SNHG11	1
MFSD7	1
KCNS3	1
C6orf125	1
SCT	1
CELF4	1
TFF3	1
HOXB13	1
GDF15	1
C9orf150	1
TBCB	1
ZNF395	1
NUP188	1
AHCTF1	1
DCTD	1
FBXO45	1
FOXK1	1
NUP37	1
MYEOV2	1
MON1B	1
DEDD2	1
GABBR2	1
TM9SF1	1
HIST2H3C	1
DHCR24	1
KIAA0513	1
YARS	1
ATP5J2	1
AGPAT1	1
TIMM8B	1
FOXJ1	1
SLC35E1	1
RPP21	1
CENPA	1
GBA	1
C17orf65	1
EXOC2	1
GIT1	1
RAB25	1
RDH12	1
PDCD6IP	1
PCID2	1
CNST	1
SGOL2	1
GDI2	1
NLK	1
TTC28	1
ARL3	1
CLUAP1	1
SOX2	1
ETNK2	1
PMM2	1
ZNF467	1
HOMER3	1
CNPY2	1
C8orf51	1
CCDC150	1
MYO10	1
CALR	1
SLU7	1
SOX13	1
SH2D2A	1
ANXA2P3	1
CAVIN1	1
NXPH1	1
AC122697.1	1
AC007686.4	1
ZNF808	1
DIRC3	1
TRIM31	1
KCNN4	1
BRINP1	1
PAPPA	1
RN7SL636P	1
GAPDHP72	1
ZNF462	1
CNTNAP1	1
ZNF365	1
LINC01170	1
CDH12	1
AL139300.1	1
SLC45A1	1
AC093523.1	1
Z93930.2	1
AC091691.3	1
14P	1
SLC25A24	1
CYP11B2	1
AC003982.1	1
LINC02015	1
SHLD1	1
DCAF12	1
AP001893.3	1
ZNF123P	1
SYNJ2BP	1
ROPN1L	1
SLC44A3	1
KRIT1	1
RNA5SP189	1
AC007422.1	1
AC007100.1	1
AC005736.1	1
MRPS30	1
ACKR3	1
USP28	1
AL365496.1	1
ANTXR1	1
ANO9	1
ACO2	1
LINC01556	1
AL390835.1	1
AL009178.3	1
BIN3	1
PRSS42P	1
Z98745.2	1
LINC02428	1
MAMDC2	1
AC093283.1	1
ZC3H11A	1
AL139815.1	1
AC091705.1	1
AC097658.2	1
DPY19L2P2	1
SMG6	1
AC024579.1	1
RPSAP72	1
NSG2	1
RFX3	1
DDX58	1
BCL2	1
HIST1H2BE	1
SVIL	1
DNAH5	1
PROSER2	1
AC005914.1	1
AL132994.2	1
AC007749.2	1
AC011476.2	1
CDKN2C	1
LPCAT1	1
ZBED9	1
MTCL1	1
AC022433.1	1
AL359915.1	1
AL513128.1	1
AC087392.5	1
AC092437.1	1
DAP3	1
ME3	1
SLC14A2	1
MAPT	1
SLC38A7	1
LINC01256	1
ITPR2	1
AC116359.1	1
AC018680.1	1
MN1	1
CEP192	1
FSTL4	1
FGFR2	1
NIPSNAP1	1
FLACC1	1
PDE4D	1
CD80	1
HSPE1P6	1
ADAMTS9	1
LINC02225	1
AC080023.1	1
A4GALT	1
DNM3	1
AC090621.1	1
AC044784.1	1
AS1	1
NRXN3	1
OR4D2	1
COL5A2	1
AC005037.1	1
PPM1K	1
PIK3R1	1
AC091493.1	1
TNRC6B	1
CCDC88C	1
AL034417.2	1
AC004223.3	1
LINC02279	1
TNIP3	1
TMEM69	1
AC004160.1	1
BARX2	1
TOPORSLP	1
TRIM46	1
AP003071.5	1
AL109837.2	1
AC010442.1	1
IRF2BPL	1
ECEL1P3	1
MYO9B	1
RPL35AP15	1
ESR1	1
CMSS1	1
AC073873.1	1
RN7SKP263	1
HMGB1P45	1
BX324167.1	1
PRPF18	1
LINC00511	1
AC122694.1	1
UBL3	1
PPIAP88	1
ATP6AP1L	1
LINC01271	1
KLHDC7A	1
XRCC6	1
L3MBTL3	1
AC007179.2	1
AL035681.1	1
NXN	1
OR2E1P	1
AC009988.1	1
AC119677.1	1
AL022068.1	1
ZMIZ1	1
EMB	1
AC105362.1	1
AC012081.1	1
MEG3	1
NT5C1B	1
AL354989.2	1
LINC02801	1
NIN	1
AC011092.2	1
AC092818.1	1
B3GNTL1	1
AC022335.1	1
AL022396.1	1
MDM4	1
DRAP1	1
LINC02677	1
CYP19A1	1
RASA2	1
ABCC4	1
AL117339.5	1
LHX2	1
BABAM1	1
PGAM1P5	1
CBFB	1
OR2A1	1
PLCG2	1
TSGA10IP	1
AL590381.1	1
MIR4457	1
WDR43	1
LINC	1
AC067752.1	1
SPRY4	1
RANP1	1
DCLRE1B	1
AC012363.2	1
CASC16	1
NREP	1
AC093824.2	1
AC009021.1	1
AC106719.1	1
AC012468.1	1
TARS2P1	1
LINC02621	1
SPTBN2	1
AC097634.4	1
KIF9	1
KANSL1	1
AL606519.1	1
SPATA41	1
AC116362.1	1
TGFBR2	1
TXK	1
EGFR	1
MIR4421	1
CASZ1	1
RBBP8	1
NXPE2	1
CD34	1
AL359922.1	1
FRMD4A	1
SNTG1	1
AL603840.1	1
ANKRD16	1
RN7SKP43	1
CLMP	1
AC105020.2	1
LINC02246	1
CTNNA3	1
PRR18	1
HNRNPA1P64	1
AC092327.1	1
Z85994.1	1
AC090809.1	1
PARP8	1
GDI2	1
RNU2	1
FBXL13	1
AC090912.1	1
AL137847.1	1
ALG3P1	1
NPTXR	1
ZNRD1ASP	1
AC074386.1	1
CCDC91	1
AC011448.1	1
AC008940.1	1
RPL23AP53	1
AC130466.1	1
SREBF1	1
AC100793.3	1
ZNF577	1
OR7A1P	1
HIVEP3	1
ARHGAP27	1
PITPNB	1
AC090771.1	1
SLC12A3	1
SV2C	1
CDK14	1
AL353093.1	1
RPS15AP5	1
AL360175.1	1
AC034111.2	1
GSTM2	1
MPP4	1
RPL7P5	1
AL513548.4	1
RPL30P11	1
FBN2	1
ADAT2	1
AC024598.1	1
CHCHD4P2	1
GRM3	1
KRT18P41	1
AC110774.1	1
EMP2	1
HIST2H2BF	1
GRIK1	1
RNA5SP299	1
TERT	1
SLC52A3	1
RNF115	1
FGD2	1
PLCB1	1
WARS2	1
AL731547.1	1
BET1	1
AC087272.1	1
PSMC1P12	1
LINC00237	1
BRCA2	1
CDKAL1	1
LINC02181	1
165P	1
ZDHHC20P1	1
ITPR1	1
YJEFN3	1
KLC1	1
LINC01916	1
FGF13	1
PLA2G6	1
LINC02284	1
AC011287.1	1
AC118653.1	1
SMAD3	1
POU5F1B	1
ADAM29	1
MXD1	1
INCENP	1
MIR3681HG	1
AL035461.3	1
AP4B1	1
SCGN	1
DLEU1	1
MAGI3	1
MAP1LC3BP1	1
AC108067.1	1
ADSSL1	1
RN7SL383P	1
NELFA	1
PHGDH	1
KATNBL1P4	1
HIST1H3I	1
BCAS4	1
AQP4	1
CTSF	1
LINC01812	1
ASXL2	1
SSR3	1
PLA2G4A	1
BCAS1	1
LINC00917	1
ZNF704	1
AC009803.2	1
AL121594.1	1
ANKIB1	1
PIGH	1
AMFR	1
DOCK1	1
PRORP	1
AC090337.2	1
WASF2	1
MATN2	1
PTPN9	1
SMC2	1
MIR5681A	1
AC005552.1	1
LINC01638	1
LINC01203	1
KRT19P6	1
AC104664.1	1
AL392185.1	1
LINC01826	1
AC022325.1	1
HAAO	1
KRT18P19	1
146P	1
AC093802.1	1
AC004009.1	1
GALNT2	1
SLC25A4	1
AL078582.1	1
PPCDC	1
MIR4435	1
COL1A1	1
LINC01924	1
EMX2OS	1
GPAT3	1
BCAS3	1
SNORA75B	1
AC006378.1	1
AL133465.1	1
PKMP4	1
AC099520.1	1
ARID1B	1
RIMS1	1
PVT1	1
TRIL	1
TIAL1	1
LINC02785	1
LINC01060	1
AC098614.1	1
AC008852.1	1
DERA	1
PKN2	1
PTPRM	1
ZC3H7B	1
HIST1H4L	1
CD83P1	1
VDAC2P3	1
MYT1	1
ZFPM2	1
BCL2L11	1
PDS5B	1
AC008410.1	1
FECHP1	1
DNAL4	1
H19	1
AL139005.1	1
STAG3L2	1
PRKACB	1
CASC15	1
COA8	1
BBS2	1
AL389915.1	1
C2CD6	1
TRPC6	1
LINC01090	1
EGR2	1
TNFSF10	1
AC000120.3	1
DNMT3A	1
MFSD4BP1	1
AC079922.1	1
CASP8	1
RPS7P6	1
FTO	1
AC009117.2	1
PTHLH	1
AC112482.1	1
SLC39A11	1
AL161646.1	1
AL157831.2	1
SSTR5	1
ADCY8	1
AC007969.1	1
AL133373.1	1
NAPEPLD	1
TEX41	1
POLR2B	1
ECHDC3	1
SMARCA2	1
AL162376.1	1
AC007491.1	1
PTPRN2	1
TRAF3	1
PTPRD	1
ARL6IP1P2	1
AF127577.4	1
AL137847.3	1
AL591518.1	1
AC114316.1	1
LINC02452	1
TRPS1	1
AC025887.2	1
AP006748.2	1
AC010768.4	1
1129P	1
SUB1	1
STX18	1
Metazoa_SRP	1
LINC01977	1
ZBED6	1
AL359094.1	1
LINC00709	1
PLK2	1
AL354984.2	1
AC011476.3	1
AC007402.1	1
KIAA1217	1
TPK1	1
AL627443.3	1
USHBP1	1
CHCHD3P1	1
AC245505.2	1
NCAM1	1
AC091182.1	1
TMTC1	1
AL158206.1	1
RBPMS	1
AC123567.1	1
ADAMTS7P3	1
AP000770.1	1
PDE3B	1
PHC2	1
AC009041.1	1
L3MBTL2	1
RNA5SP85	1
LMX1B	1
996P	1
TEFM	1
PGAM1P1	1
PFKFB4	1
AC012574.1	1
MIER3	1
LINC02068	1
VPS41	1
CSMD1	1
RBMS1	1
AS2	1
RNA5SP115	1
AL357833.1	1
AC092573.2	1
AL136456.1	1
NANOS3	1
AC012183.1	1
CDH13	1
8	1
FOXN3	1
BRSK1	1
GNGT1	1
AC066585.1	1
LRMDA	1
AC079062.1	1
AF127577.5	1
AC078909.2	1
FAM110A	1
MARCH1	1
TACC2	1
RAP1GAP2	1
CUX1	1
INHBB	1
CTH	1
AC114954.1	1
CEP162	1
PAX9	1
AKR1B10P1	1
CNOT1	1
AL139806.1	1
AL135927.1	1
DICER1	1
AC135166.1	1
RNA5SP318	1
RAB39A	1
AC093519.2	1
AC090912.2	1
AC093027.1	1
CCDC134	1
PHLDB3	1
LINC02236	1
INSC	1
AC027506.1	1
LINC02143	1
AC093297.2	1
PIP4K2A	1
GALNT17	1
AC115619.1	1
AC097515.1	1
AL009178.1	1
AC008937.2	1
AP000457.1	1
AL356157.1	1
AL121956.6	1
CAMKMT	1
PPIL3	1
AL162718.1	1
LINC01364	1
FFAR4	1
HIST1H2AA	1
TASOR2	1
AC010463.1	1
AC015660.4	1
PPRC1	1
AP003500.1	1
EBLN1	1
AC019068.1	1
NRAP	1
AC008539.1	1
AC107024.1	1
AC084114.1	1
POLG	1
RREB1	1
AL161443.1	1
NF2	1
AC006213.3	1
AC007749.1	1
PHLDA3	1
LINC01394	1
AL357153.2	1
FAM91A1	1
CBX1P3	1
AL359715.4	1
CERS3	1
NLRC4	1
EXT1	1
MAML2	1
LINC01691	1
TMEM104	1
CYP1B1	1
AC011029.1	1
SFMBT2	1
GATAD2A	1
MIR5702	1
LINC02646	1
AP006296.1	1
AL390254.1	1
EGFL6	1
LINC01101	1
MOB3B	1
OR2J3	1
IST1	1
SBF2	1
KMT5B	1
LDB3	1
AC115622.1	1
RPS11P1	1
BMPER	1
SMARCE1P4	1
AC017002.6	1
LINC02224	1
ABCF1	1
PACERR	1
NR3C1	1
ARLNC1	1
AC010420.1	1
UBE2U	1
MIR5689HG	1
MASTL	1
MICB	1
VN1R11P	1
AF127577.2	1
AL645929.3	1
ABHD8	1
UBE2V1	1
AC008571.2	1
CCNE1	1
AC012533.1	1
MARK2P9	1
AC008808.1	1
PDZD2	1
DLX2	1
AC108925.1	1
CCDC148	1
TPTE2P6	1
LINC02267	1
1328P	1
LMTK2	1
SSBP4	1
RNA5SP291	1
EFR3B	1
AC093898.1	1
AL117190.1	1
AL591896.1	1
ZSCAN16	1
699P	1
JMJD1C	1
AC034114.2	1
RNA5SP56	1
POGLUT3	1
AC024901.1	1
CHST9	1
LINC01426	1
SPTY2D1	1
ZKSCAN3	1
ANKRD26	1
PAIP1	1
CEP120	1
HMGN1P17	1
AC010998.3	1
WDR75	1
NFIX	1
TMEM189	1
NEK10	1
RN7SL592P	1
24P	1
SATB1	1
AC074198.2	1
GABPB1	1
KRT8P18	1
AL450336.1	1
AC244453.1	1
AL117190.2	1
DSCAM	1
LGR6	1
AC104447.1	1
MTATP6P21	1
AC010547.4	1
LINC00708	1
543P	1
MAPK10	1
EXO1	1
LINC02850	1
AC005562.1	1
AL672167.1	1
AL031320.1	1
RPS27P20	1
AC026826.2	1
RCCD1	1
NBPF10	1
DNAJC1	1
LDB2	1
AC068025.2	1
SERPINB12	1
AL358075.2	1
MCUR1	1
FOXP1	1
LINC02118	1
CASC11	1
MYT1L	1
COL18A1	1
SETBP1	1
PLXNC1	1
SLC6A3	1
SLC25A37	1
LINC01173	1
GTF2I	1
WNT3	1
RPL17P33	1
AF123462.1	1
LINC00111	1
EMBP1	1
BAIAP2L1	1
LINC02657	1
CYP51A1	1
OR4D1	1
CNIH3	1
PCDH15	1
CALCR	1
C11orf80	1
AC004882.1	1
TLR12P	1
ADCY9	1
SEMA5A	1
LINC00599	1
AC107304.1	1
62P	1
TACR2	1
STXBP4	1
POP4	1
LDB1	1
ZNF101	1
AC099778.1	1
PKLR	1
2HG	1
MAP3K1	1
RN7SKP167	1
FAM126B	1
AL603783.1	1
AC073257.2	1
AC068134.4	1
AKAP9	1
LINC01153	1
AOPEP	1
AL356157.3	1
ZNF19	1
YBX2	1
SHISAL1	1
AC100808.1	1
CLK1	1
SLCO1B1	1
AL590623.1	1
GLIS3	1
AC079112.1	1
AC090337.1	1
AL590824.1	1
SLC19A1	1
TBC1D5	1
CCND1	1
AKR1A1	1
POLR2J	1
AL133153.2	1
CPEB3	1
ADCY3	1
AC009053.3	1
APOBEC3A	1
PCBP2P3	1
LRRD1	1
AC096656.1	1
SIK3	1
AC087888.1	1
AC000120.2	1
BCL9	1
AC104229.1	1
MAGEA5	1
LINC02521	1
RNY1P8	1
MADD	1
HSD17B2	1
AC091903.1	1
TAGLN	1
AP001266.1	1
TUBB4BP6	1
ZFP57	1
DMD	1
AC112206.2	1
C5orf67	1
AC093534.2	1
AL449423.1	1
RPL31P13	1
ATG10	1
ELL	1
AC108114.1	1
AL359237.1	1
AL136501.1	1
DAP3P1	1
AC068831.7	1
MAST2	1
PPA2	1
MARCH5	1
AC004917.1	1
PTPN4	1
PCNT	1
PFKFB3	1
AC091825.3	1
AC068050.1	1
LMO4	1
PRKG1	1
LINC01734	1
AC116366.3	1
AC242852.1	1
LINC00240	1
SEC14L6	1
AL157392.5	1
LINC01568	1
RIN2	1
NCOA1	1
SEC16B	1
AC079790.1	1
AC092040.1	1
SLC4A7	1
PDXK	1
AC100791.2	1
LINC02505	1
VPS50	1
HOOK2	1
RNU7	1
DNAH11	1
SPAG6	1
AL137230.2	1
BBOX1	1
ZNF37A	1
AC109466.1	1
CMC1	1
RAD51B	1
AC112203.1	1
TMEM132E	1
CFLAR	1
AGTPBP1	1
AC027329.1	1
AC079922.2	1
AC034245.1	1
MCHR2	1
OTUD7B	1
PCAT1	1
TIPARP	1
AL021153.1	1
ATP5PBP2	1
AC025752.1	1
FAM183BP	1
PINT	1
PIDD1	1
AC091951.3	1
GRPEL2P3	1
AC092335.1	1
HNF4G	1
LYPD5	1
HSPA4	1
COL14A1	1
TNFRSF9	1
AC005387.1	1
AL390816.3	1
CCDC170	1
ADAM30	1
TRAK2	1
TEKT5	1
AC022441.3	1
CD81	1
CDKN2B	1
AP001831.1	1
AL135923.2	1
AL133482.1	1
GP6	1
AL035401.1	1
RALY	1
ARL4C	1
TAB2	1
FDPS	1
NUFIP1P1	1
AC106053.1	1
LINC02202	1
RNF19A	1
IQCA1	1
AC068025.1	1
LINC01742	1
RNU6	1
KRT18P1	1
AC105914.2	1
NTN1	1
RPL12P42	1
ZNF827	1
EIF5A	1
GRM7	1
PPP1R18	1
SPINK8	1
ABCA8	1
MRPL22	1
MTMR11	1
AC016691.1	1
TBC1D29P	1
AC010493.1	1
CREB5	1
SPAG17	1
CDH2	1
LINC02775	1
ARHGEF5	1
AL390877.1	1
AC104574.2	1
LINC00639	1
KCTD1	1
IKZF2	1
HORMAD2	1
OR7A3P	1
KREMEN1	1
SAMD12	1
ADAM21	1
P3H2	1
EXOC3	1
AHRR	1
CDYL2	1
UTS2	1
LINC02066	1
SLC17A3	1
TTBK1	1
AC104119.1	1
NBPF25P	1
EPB41L4A	1
TRAV19	1
RN7SL316P	1
MIR548AP	1
FOXK2	1
AL157359.1	1
FAM20A	1
RPS17P11	1
RIN3	1
AC025946.1	1
ALX4	1
AC091429.1	1
ERBB4	1
AC211433.1	1
FTOP1	1
155P	1
OLAH	1
ASPH	1
AC011458.2	1
TNS1	1
ADAMTS16	1
RPL19P16	1
GRAMD1B	1
KSR1P1	1
NRIP1	1
CCDC30	1
AC011472.2	1
GNAI2P1	1
CACFD1	1
LINC00623	1
ARL17B	1
LPA	1
TNNT3	1
RN7SL478P	1
LINC00683	1
CFL1	1
AL353742.1	1
TOX3	1
ATXN7L1	1
RIMBP2	1
KHDC4	1
DOT1L	1
GPC5	1
AC019176.1	1
DHX35	1
AP003115.1	1
MUC16	1
TTLL1	1
471P	1
AL691426.1	1
PKNOX2	1
RPSAP22	1
66P	1
GIPR	1
AL714022.1	1
PPP2R1B	1
ZNF184	1
EIF4A1P7	1
MIR4713HG	1
SLC7A1	1
TMEM132C	1
RNF146	1
ZBTB38	1
AC012119.2	1
NIPAL1	1
WDR82P2	1
EMID1	1
AC090936.1	1
AL157359.2	1
AC007563.2	1
TSPAN16	1
TRIO	1
TBX1	1
LINC00702	1
RPL7P61	1
NOTCH2	1
RN7SKP155	1
LINC02671	1
HCG20	1
TH2LCRR	1
SH3TC2	1
KIAA2026	1
LINC00160	1
VGLL3	1
ESRRG	1
FAM83B	1
AC062015.1	1
MIR2052HG	1
PKIB	1
PCMTD2	1
CASC9	1
AL358075.4	1
ZNRF3	1
LINC01914	1
RANBP9	1
LINC00589	1
PBX1	1
AP003179.1	1
POM121L2	1
WWOX	1
EPSTI1	1
ASTN2	1
GRHL1	1
RN7SKP226	1
SLC22A4	1
AC024559.1	1
C5orf38	1
TTC28	1
MRTFA	1
INTS10	1
FGF10	1
AL080243.2	1
AL389895.1	1
SLC12A2	1
LINC01416	1
SUCLA2P1	1
AC016831.7	1
TLR1	1
PEX14	1
RPS6KC1	1
TUBBP1	1
ATAD5	1
AL596028.1	1
SINHCAFP3	1
ADIPOR1P1	1
ZNF45	1
PARVB	1
LINC02702	1
RCE1	1
LINC02444	1
PRDM6	1
CPNE5	1
DCLRE1CP1	1
ANKLE1	1
381P	1
RFPL1S	1
LINC00578	1
AC093292.1	1
ZNF613	1
RFX8	1
TMEM151A	1
RFFL	1
PGBD5	1
PDE7B	1
CBX8	1
LINC01187	1
AC007381.1	1
OR5V1	1
AC008937.1	1
TCF7L2	1
CNTD1	1
RNF145	1
FOXQ1	1
ARHGAP24	1
ATXN1	1
HMGB1P48	1
AADACL2	1
AC007092.1	1
RNU1	1
CDC14A	1
AL079307.1	1
RAB22A	1
UBQLN1P1	1
BAALC	1
LINC00886	1
AC073409.2	1
AF246928.1	1
18P	1
AC067751.1	1
MAGEA10	1
LSP1	1
AC099535.2	1
ARHGAP5	1
AC087341.1	1
JAK1	1
AP003071.2	1
DLEU7	1
FAF1	1
COL1A2	1
LINC02829	1
VMP1	1
AC090453.1	1
SGCE	1
FBN1	1
BTN2A1	1
SIK2	1
LINC01913	1
DT	1
NDUFA10	1
AC091138.1	1
ANKRD30A	1
OR2J1	1
LINC01793	1
IT1	1
CHEK2	1
NACAP6	1
AC104361.1	1
AC093875.1	1
LEKR1	1
AC012494.1	1
AC004882.2	1
LINC00536	1
CD83	1
LINC02500	1
PROX1	1
ANXA13	1
ELMO1	1
PKD2	1
AC078880.2	1
DENND1A	1
CEP128	1
97P	1
CASP7	1
PTDSS2	1
667P	1
SCAMP2	1
CCDC87	1
KRTAP4	1
AL132799.1	1
ARRDC3	1
AC104806.2	1
MSRA	1
AC005100.2	1
RTKN2	1
MAST1	1
BAHCC1	1
SYT9	1
71P	1
OPN4	1
PPP4R3A	1
LINC01381	1
SEC14L4	1
CD180	1
ZFHX3	1
ZNF578	1
MAP4	1
PCSK7	1
PADI6	1
DRG2	1
EDIL3	1
NDUFB4P4	1
AC104088.1	1
CCDC33	1
AC092343.1	1
AC007631.1	1
SLC30A8	1
KCNH7	1
ATE1	1
113P	1
AL049612.1	1
SEMA4A	1
TSPYL5	1
AL596275.1	1
AC008799.2	1
CCL28	1
AC093840.1	1
AC011891.1	1
NRG3	1
AC011994.1	1
ST6GALNAC3	1
CD46	1
CRYZL2P	1
GREB1	1
LINC01611	1
PLCL2	1
CD160	1
SYT6	1
SCFD2	1
AL109933.2	1
PRSS50	1
AC092100.1	1
LINC02487	1
STAM2	1
AC092849.1	1
ASPRV1	1
RNU4	1
CTNNA2	1
ATXN7	1
EBF1	1
AC020916.1	1
TET2	1
AC005377.1	1
AC022441.1	1
TENT5A	1
SLC24A3	1
CABLES1	1
AC023302.2	1
MYL3	1
GAREM1	1
Y_RNA	1
ASH1L	1
LINC01470	1
NYNRIN	1
STAG3L4	1
480P	1
ARAP2	1
FOXL2NB	1
ADGRE2	1
EWSR1	1
SIAH2	1
AC112187.2	1
LINC01488	1
RPL17P25	1
MLLT10	1
ALOX5AP	1
IQCM	1
AC087879.1	1
GPR161	1
LAMB2	1
HSF2	1
KCNS3	1
FILIP1L	1
1047P	1
LINC00583	1
CDCA7L	1
SERPINB5	1
LINC00243	1
AC007969.2	1
AL596330.2	1
AL663061.1	1
PHF20	1
LINC02150	1
AP001207.3	1
AC026726.2	1
CEP55	1
EBF2	1
LUZP4P1	1
AC008798.3	1
ARHGEF28	1
AL391730.1	1
SLC25A21	1
Nomappedgenes	1
FNDC3B	1
58P	1
HCN1	1
AP001107.3	1
AHCYP7	1
RNA5SP52	1
CASC8	1
AC007493.1	1
MCM8	1
COL8A1	1
AL713999.1	1
PCM1	1
PRC1	1
LINC01376	1
LY6E	1
AC023300.3	1
MICC	1
CDKN1A	1
AL122016.1	1
AC025822.2	1
AC009271.1	1
ABHD17C	1